# WaveFront *.obj file (generated by CINEMA 4D)

mtllib ./OCB_Slim_model.mtl

v 97.54090881347656 1.28676235675812 19.2635326385498
v 97.54090881347656 1.44919908046722 11.29150772094727
v 97.54090881347656 1.61163568496704 3.31948304176331
v 97.54090881347656 1.77407240867615 -4.65254163742065
v 97.54090881347656 1.93650901317596 -12.62456607818604
v 97.54090881347656 2.09894561767578 -20.59659004211426
v 97.54090881347656 2.26138234138489 -28.5686149597168
v 97.54090881347656 2.42381906509399 -36.54064178466797
v 97.54090881347656 2.5862557888031 -44.51266479492188
v 97.54090881347656 2.74869227409363 -52.48468780517578
v 97.54090881347656 2.92450141906738 -60.21973419189453
v 97.54090881347656 4.63138771057129 -52.44860458374023
v 97.54090881347656 4.86044931411743 -44.47821426391602
v 97.54090881347656 5.08951091766357 -36.50782775878906
v 97.54090881347656 5.31857204437256 -28.53743743896484
v 97.54090881347656 5.5476336479187 -20.56704902648926
v 97.54090881347656 5.77669525146484 -12.59666061401367
v 97.54090881347656 6.00575637817383 -4.62627220153809
v 97.54090881347656 6.15536212921143 3.38542366027832
v 97.54090881347656 6.12361621856689 11.35903930664062
v 97.54090881347656 6.09187030792236 19.33265686035156
v 77.97553253173828 1.28676235675812 19.2635326385498
v 77.97553253173828 1.44919908046722 11.29150772094727
v 77.97553253173828 1.61163568496704 3.31948304176331
v 77.97553253173828 1.77407240867615 -4.65254163742065
v 77.97553253173828 1.93650901317596 -12.62456607818604
v 77.97553253173828 2.09894561767578 -20.59659004211426
v 77.97553253173828 2.26138234138489 -28.5686149597168
v 77.97553253173828 2.42381906509399 -36.54064178466797
v 77.97553253173828 2.5862557888031 -44.51266479492188
v 77.97553253173828 2.74869227409363 -52.48468780517578
v 77.97553253173828 2.92450141906738 -60.21973419189453
v 77.97553253173828 4.63138771057129 -52.44860458374023
v 77.97553253173828 4.86044931411743 -44.47821426391602
v 77.97553253173828 5.08951091766357 -36.50782775878906
v 77.97553253173828 5.31857204437256 -28.53743743896484
v 77.97553253173828 5.5476336479187 -20.56704902648926
v 77.97553253173828 5.77669525146484 -12.59666061401367
v 77.97553253173828 6.00575637817383 -4.62627220153809
v 77.97553253173828 6.15536212921143 3.38542366027832
v 77.97553253173828 6.12361621856689 11.35903930664062
v 77.97553253173828 6.09187030792236 19.33265686035156
v 58.41015625 1.28676235675812 19.2635326385498
v 58.41015625 1.44919908046722 11.29150772094727
v 58.41015625 1.61163568496704 3.31948304176331
v 58.41015625 1.77407240867615 -4.65254163742065
v 58.41015625 1.93650901317596 -12.62456607818604
v 58.41015625 2.09894561767578 -20.59659004211426
v 58.41015625 2.26138234138489 -28.5686149597168
v 58.41015625 2.42381906509399 -36.54064178466797
v 58.41015625 2.5862557888031 -44.51266479492188
v 58.41015625 2.74869227409363 -52.48468780517578
v 58.41015625 2.92450141906738 -60.21973419189453
v 58.41015625 4.63138771057129 -52.44860458374023
v 58.41015625 4.86044931411743 -44.47821426391602
v 58.41015625 5.08951091766357 -36.50782775878906
v 58.41015625 5.31857204437256 -28.53743743896484
v 58.41015625 5.5476336479187 -20.56704902648926
v 58.41015625 5.77669525146484 -12.59666061401367
v 58.41015625 6.00575637817383 -4.62627220153809
v 58.41015625 6.15536212921143 3.38542366027832
v 58.41015625 6.12361621856689 11.35903930664062
v 58.41015625 6.09187030792236 19.33265686035156
v 38.84478378295898 1.28676235675812 19.2635326385498
v 38.84478378295898 1.44919908046722 11.29150772094727
v 38.84478378295898 1.61163568496704 3.31948304176331
v 38.84478378295898 1.77407240867615 -4.65254163742065
v 38.84478378295898 1.93650901317596 -12.62456607818604
v 38.84478378295898 2.09894561767578 -20.59659004211426
v 38.84478378295898 2.26138234138489 -28.5686149597168
v 38.84478378295898 2.42381906509399 -36.54064178466797
v 38.84478378295898 2.5862557888031 -44.51266479492188
v 38.84478378295898 2.74869227409363 -52.48468780517578
v 38.84478378295898 2.92450141906738 -60.21973419189453
v 38.84478378295898 4.63138771057129 -52.44860458374023
v 38.84478378295898 4.86044931411743 -44.47821426391602
v 38.84478378295898 5.08951091766357 -36.50782775878906
v 38.84478378295898 5.31857204437256 -28.53743743896484
v 38.84478378295898 5.5476336479187 -20.56704902648926
v 38.84478378295898 5.77669525146484 -12.59666061401367
v 38.84478378295898 6.00575637817383 -4.62627220153809
v 38.84478378295898 6.15536212921143 3.38542366027832
v 38.84478378295898 6.12361621856689 11.35903930664062
v 38.84478378295898 6.09187030792236 19.33265686035156
v 19.27940940856934 1.28676235675812 19.2635326385498
v 19.27940940856934 1.44919908046722 11.29150772094727
v 19.27940940856934 1.61163568496704 3.31948304176331
v 19.27940940856934 1.77407240867615 -4.65254163742065
v 19.27940940856934 1.93650901317596 -12.62456607818604
v 19.27940940856934 2.09894561767578 -20.59659004211426
v 19.27940940856934 2.26138234138489 -28.5686149597168
v 19.27940940856934 2.42381906509399 -36.54064178466797
v 19.27940940856934 2.5862557888031 -44.51266479492188
v 19.27940940856934 2.74869227409363 -52.48468780517578
v 19.27940940856934 2.92450141906738 -60.21973419189453
v 19.27940940856934 4.63138771057129 -52.44860458374023
v 19.27940940856934 4.86044931411743 -44.47821426391602
v 19.27940940856934 5.08951091766357 -36.50782775878906
v 19.27940940856934 5.31857204437256 -28.53743743896484
v 19.27940940856934 5.5476336479187 -20.56704902648926
v 19.27940940856934 5.77669525146484 -12.59666061401367
v 19.27940940856934 6.00575637817383 -4.62627220153809
v 19.27940940856934 6.15536212921143 3.38542366027832
v 19.27940940856934 6.12361621856689 11.35903930664062
v 19.27940940856934 6.09187030792236 19.33265686035156
v -0.28596496582031 1.28676235675812 19.2635326385498
v -0.28596496582031 1.44919908046722 11.29150772094727
v -0.28596496582031 1.61163568496704 3.31948304176331
v -0.28596496582031 1.77407240867615 -4.65254163742065
v -0.28596496582031 1.93650901317596 -12.62456607818604
v -0.28596496582031 2.09894561767578 -20.59659004211426
v -0.28596496582031 2.26138234138489 -28.5686149597168
v -0.28596496582031 2.42381906509399 -36.54064178466797
v -0.28596496582031 2.5862557888031 -44.51266479492188
v -0.28596496582031 2.74869227409363 -52.48468780517578
v -0.28596496582031 2.92450141906738 -60.21973419189453
v -0.28596496582031 4.63138771057129 -52.44860458374023
v -0.28596496582031 4.86044931411743 -44.47821426391602
v -0.28596496582031 5.08951091766357 -36.50782775878906
v -0.28596496582031 5.31857204437256 -28.53743743896484
v -0.28596496582031 5.5476336479187 -20.56704902648926
v -0.28596496582031 5.77669525146484 -12.59666061401367
v -0.28596496582031 6.00575637817383 -4.62627220153809
v -0.28596496582031 6.15536212921143 3.38542366027832
v -0.28596496582031 6.12361621856689 11.35903930664062
v -0.28596496582031 6.09187030792236 19.33265686035156
v -19.85133934020996 1.28676235675812 19.2635326385498
v -19.85133934020996 1.44919908046722 11.29150772094727
v -19.85133934020996 1.61163568496704 3.31948304176331
v -19.85133934020996 1.77407240867615 -4.65254163742065
v -19.85133934020996 1.93650901317596 -12.62456607818604
v -19.85133934020996 2.09894561767578 -20.59659004211426
v -19.85133934020996 2.26138234138489 -28.5686149597168
v -19.85133934020996 2.42381906509399 -36.54064178466797
v -19.85133934020996 2.5862557888031 -44.51266479492188
v -19.85133934020996 2.74869227409363 -52.48468780517578
v -19.85133934020996 2.92450141906738 -60.21973419189453
v -19.85133934020996 4.63138771057129 -52.44860458374023
v -19.85133934020996 4.86044931411743 -44.47821426391602
v -19.85133934020996 5.08951091766357 -36.50782775878906
v -19.85133934020996 5.31857204437256 -28.53743743896484
v -19.85133934020996 5.5476336479187 -20.56704902648926
v -19.85133934020996 5.77669525146484 -12.59666061401367
v -19.85133934020996 6.00575637817383 -4.62627220153809
v -19.85133934020996 6.15536212921143 3.38542366027832
v -19.85133934020996 6.12361621856689 11.35903930664062
v -19.85133934020996 6.09187030792236 19.33265686035156
v -39.41671371459961 1.28676235675812 19.2635326385498
v -39.41671371459961 1.44919908046722 11.29150772094727
v -39.41671371459961 1.61163568496704 3.31948304176331
v -39.41671371459961 1.77407240867615 -4.65254163742065
v -39.41671371459961 1.93650901317596 -12.62456607818604
v -39.41671371459961 2.09894561767578 -20.59659004211426
v -39.41671371459961 2.26138234138489 -28.5686149597168
v -39.41671371459961 2.42381906509399 -36.54064178466797
v -39.41671371459961 2.5862557888031 -44.51266479492188
v -39.41671371459961 2.74869227409363 -52.48468780517578
v -39.41671371459961 2.92450141906738 -60.21973419189453
v -39.41671371459961 4.63138771057129 -52.44860458374023
v -39.41671371459961 4.86044931411743 -44.47821426391602
v -39.41671371459961 5.08951091766357 -36.50782775878906
v -39.41671371459961 5.31857204437256 -28.53743743896484
v -39.41671371459961 5.5476336479187 -20.56704902648926
v -39.41671371459961 5.77669525146484 -12.59666061401367
v -39.41671371459961 6.00575637817383 -4.62627220153809
v -39.41671371459961 6.15536212921143 3.38542366027832
v -39.41671371459961 6.12361621856689 11.35903930664062
v -39.41671371459961 6.09187030792236 19.33265686035156
v -58.98208618164062 1.28676235675812 19.2635326385498
v -58.98208618164062 1.44919908046722 11.29150772094727
v -58.98208618164062 1.61163568496704 3.31948304176331
v -58.98208618164062 1.77407240867615 -4.65254163742065
v -58.98208618164062 1.93650901317596 -12.62456607818604
v -58.98208618164062 2.09894561767578 -20.59659004211426
v -58.98208618164062 2.26138234138489 -28.5686149597168
v -58.98208618164062 2.42381906509399 -36.54064178466797
v -58.98208618164062 2.5862557888031 -44.51266479492188
v -58.98208618164062 2.74869227409363 -52.48468780517578
v -58.98208618164062 2.92450141906738 -60.21973419189453
v -58.98208618164062 4.63138771057129 -52.44860458374023
v -58.98208618164062 4.86044931411743 -44.47821426391602
v -58.98208618164062 5.08951091766357 -36.50782775878906
v -58.98208618164062 5.31857204437256 -28.53743743896484
v -58.98208618164062 5.5476336479187 -20.56704902648926
v -58.98208618164062 5.77669525146484 -12.59666061401367
v -58.98208618164062 6.00575637817383 -4.62627220153809
v -58.98208618164062 6.15536212921143 3.38542366027832
v -58.98208618164062 6.12361621856689 11.35903930664062
v -58.98208618164062 6.09187030792236 19.33265686035156
v -78.54746246337891 1.28676235675812 19.2635326385498
v -78.54746246337891 1.44919908046722 11.29150772094727
v -78.54746246337891 1.61163568496704 3.31948304176331
v -78.54746246337891 1.77407240867615 -4.65254163742065
v -78.54746246337891 1.93650901317596 -12.62456607818604
v -78.54746246337891 2.09894561767578 -20.59659004211426
v -78.54746246337891 2.26138234138489 -28.5686149597168
v -78.54746246337891 2.42381906509399 -36.54064178466797
v -78.54746246337891 2.5862557888031 -44.51266479492188
v -78.54746246337891 2.74869227409363 -52.48468780517578
v -78.54746246337891 2.92450141906738 -60.21973419189453
v -78.54746246337891 4.63138771057129 -52.44860458374023
v -78.54746246337891 4.86044931411743 -44.47821426391602
v -78.54746246337891 5.08951091766357 -36.50782775878906
v -78.54746246337891 5.31857204437256 -28.53743743896484
v -78.54746246337891 5.5476336479187 -20.56704902648926
v -78.54746246337891 5.77669525146484 -12.59666061401367
v -78.54746246337891 6.00575637817383 -4.62627220153809
v -78.54746246337891 6.15536212921143 3.38542366027832
v -78.54746246337891 6.12361621856689 11.35903930664062
v -78.54746246337891 6.09187030792236 19.33265686035156
v -98.11283874511719 1.28676235675812 19.2635326385498
v -98.11283874511719 1.44919908046722 11.29150772094727
v -98.11283874511719 1.61163568496704 3.31948304176331
v -98.11283874511719 1.77407240867615 -4.65254163742065
v -98.11283874511719 1.93650901317596 -12.62456607818604
v -98.11283874511719 2.09894561767578 -20.59659004211426
v -98.11283874511719 2.26138234138489 -28.5686149597168
v -98.11283874511719 2.42381906509399 -36.54064178466797
v -98.11283874511719 2.5862557888031 -44.51266479492188
v -98.11283874511719 2.74869227409363 -52.48468780517578
v -98.11283874511719 2.92450141906738 -60.21973419189453
v -98.11283874511719 4.63138771057129 -52.44860458374023
v -98.11283874511719 4.86044931411743 -44.47821426391602
v -98.11283874511719 5.08951091766357 -36.50782775878906
v -98.11283874511719 5.31857204437256 -28.53743743896484
v -98.11283874511719 5.5476336479187 -20.56704902648926
v -98.11283874511719 5.77669525146484 -12.59666061401367
v -98.11283874511719 6.00575637817383 -4.62627220153809
v -98.11283874511719 6.15536212921143 3.38542366027832
v -98.11283874511719 6.12361621856689 11.35903930664062
v -98.11283874511719 6.09187030792236 19.33265686035156
v -117.67820739746094 1.28676235675812 19.2635326385498
v -117.67820739746094 1.44919908046722 11.29150772094727
v -117.67820739746094 1.61163568496704 3.31948304176331
v -117.67820739746094 1.77407240867615 -4.65254163742065
v -117.67820739746094 1.93650901317596 -12.62456607818604
v -117.67820739746094 2.09894561767578 -20.59659004211426
v -117.67820739746094 2.26138234138489 -28.5686149597168
v -117.67820739746094 2.42381906509399 -36.54064178466797
v -117.67820739746094 2.5862557888031 -44.51266479492188
v -117.67820739746094 2.74869227409363 -52.48468780517578
v -117.67820739746094 2.92450141906738 -60.21973419189453
v -117.67820739746094 4.63138771057129 -52.44860458374023
v -117.67820739746094 4.86044931411743 -44.47821426391602
v -117.67820739746094 5.08951091766357 -36.50782775878906
v -117.67820739746094 5.31857204437256 -28.53743743896484
v -117.67820739746094 5.5476336479187 -20.56704902648926
v -117.67820739746094 5.77669525146484 -12.59666061401367
v -117.67820739746094 6.00575637817383 -4.62627220153809
v -117.67820739746094 6.15536212921143 3.38542366027832
v -117.67820739746094 6.12361621856689 11.35903930664062
v -117.67820739746094 6.09187030792236 19.33265686035156
v -137.24357604980469 1.28676235675812 19.2635326385498
v -137.24357604980469 1.44919908046722 11.29150772094727
v -137.24357604980469 1.61163568496704 3.31948304176331
v -137.24357604980469 1.77407240867615 -4.65254163742065
v -137.24357604980469 1.93650901317596 -12.62456607818604
v -137.24357604980469 2.09894561767578 -20.59659004211426
v -137.24357604980469 2.26138234138489 -28.5686149597168
v -137.24357604980469 2.42381906509399 -36.54064178466797
v -137.24357604980469 2.5862557888031 -44.51266479492188
v -137.24357604980469 2.74869227409363 -52.48468780517578
v -137.24357604980469 2.92450141906738 -60.21973419189453
v -137.24357604980469 4.63138771057129 -52.44860458374023
v -137.24357604980469 4.86044931411743 -44.47821426391602
v -137.24357604980469 5.08951091766357 -36.50782775878906
v -137.24357604980469 5.31857204437256 -28.53743743896484
v -137.24357604980469 5.5476336479187 -20.56704902648926
v -137.24357604980469 5.77669525146484 -12.59666061401367
v -137.24357604980469 6.00575637817383 -4.62627220153809
v -137.24357604980469 6.15536212921143 3.38542366027832
v -137.24357604980469 6.12361621856689 11.35903930664062
v -137.24357604980469 6.09187030792236 19.33265686035156
v -156.8089599609375 1.28676235675812 19.2635326385498
v -156.8089599609375 1.44919908046722 11.29150772094727
v -156.8089599609375 1.61163568496704 3.31948304176331
v -156.8089599609375 1.77407240867615 -4.65254163742065
v -156.8089599609375 1.93650901317596 -12.62456607818604
v -156.8089599609375 2.09894561767578 -20.59659004211426
v -156.8089599609375 2.26138234138489 -28.5686149597168
v -156.8089599609375 2.42381906509399 -36.54064178466797
v -156.8089599609375 2.5862557888031 -44.51266479492188
v -156.8089599609375 2.74869227409363 -52.48468780517578
v -156.8089599609375 2.92450141906738 -60.21973419189453
v -156.8089599609375 4.63138771057129 -52.44860458374023
v -156.8089599609375 4.86044931411743 -44.47821426391602
v -156.8089599609375 5.08951091766357 -36.50782775878906
v -156.8089599609375 5.31857204437256 -28.53743743896484
v -156.8089599609375 5.5476336479187 -20.56704902648926
v -156.8089599609375 5.77669525146484 -12.59666061401367
v -156.8089599609375 6.00575637817383 -4.62627220153809
v -156.8089599609375 6.15536212921143 3.38542366027832
v -156.8089599609375 6.12361621856689 11.35903930664062
v -156.8089599609375 6.09187030792236 19.33265686035156
v -176.37432861328125 1.28676235675812 19.2635326385498
v -176.37432861328125 1.44919908046722 11.29150772094727
v -176.37432861328125 1.61163568496704 3.31948304176331
v -176.37432861328125 1.77407240867615 -4.65254163742065
v -176.37432861328125 1.93650901317596 -12.62456607818604
v -176.37432861328125 2.09894561767578 -20.59659004211426
v -176.37432861328125 2.26138234138489 -28.5686149597168
v -176.37432861328125 2.42381906509399 -36.54064178466797
v -176.37432861328125 2.5862557888031 -44.51266479492188
v -176.37432861328125 2.74869227409363 -52.48468780517578
v -176.37432861328125 2.92450141906738 -60.21973419189453
v -176.37432861328125 4.63138771057129 -52.44860458374023
v -176.37432861328125 4.86044931411743 -44.47821426391602
v -176.37432861328125 5.08951091766357 -36.50782775878906
v -176.37432861328125 5.31857204437256 -28.53743743896484
v -176.37432861328125 5.5476336479187 -20.56704902648926
v -176.37432861328125 5.77669525146484 -12.59666061401367
v -176.37432861328125 6.00575637817383 -4.62627220153809
v -176.37432861328125 6.15536212921143 3.38542366027832
v -176.37432861328125 6.12361621856689 11.35903930664062
v -176.37432861328125 6.09187030792236 19.33265686035156
v -195.93971252441406 1.28676235675812 19.2635326385498
v -195.93971252441406 1.44919908046722 11.29150772094727
v -195.93971252441406 1.61163568496704 3.31948304176331
v -195.93971252441406 1.77407240867615 -4.65254163742065
v -195.93971252441406 1.93650901317596 -12.62456607818604
v -195.93971252441406 2.09894561767578 -20.59659004211426
v -195.93971252441406 2.26138234138489 -28.5686149597168
v -195.93971252441406 2.42381906509399 -36.54064178466797
v -195.93971252441406 2.5862557888031 -44.51266479492188
v -195.93971252441406 2.74869227409363 -52.48468780517578
v -195.93971252441406 2.92450141906738 -60.21973419189453
v -195.93971252441406 4.63138771057129 -52.44860458374023
v -195.93971252441406 4.86044931411743 -44.47821426391602
v -195.93971252441406 5.08951091766357 -36.50782775878906
v -195.93971252441406 5.31857204437256 -28.53743743896484
v -195.93971252441406 5.5476336479187 -20.56704902648926
v -195.93971252441406 5.77669525146484 -12.59666061401367
v -195.93971252441406 6.00575637817383 -4.62627220153809
v -195.93971252441406 6.15536212921143 3.38542366027832
v -195.93971252441406 6.12361621856689 11.35903930664062
v -195.93971252441406 6.09187030792236 19.33265686035156
v -215.50508117675781 1.28676235675812 19.2635326385498
v -215.50508117675781 1.44919908046722 11.29150772094727
v -215.50508117675781 1.61163568496704 3.31948304176331
v -215.50508117675781 1.77407240867615 -4.65254163742065
v -215.50508117675781 1.93650901317596 -12.62456607818604
v -215.50508117675781 2.09894561767578 -20.59659004211426
v -215.50508117675781 2.26138234138489 -28.5686149597168
v -215.50508117675781 2.42381906509399 -36.54064178466797
v -215.50508117675781 2.5862557888031 -44.51266479492188
v -215.50508117675781 2.74869227409363 -52.48468780517578
v -215.50508117675781 2.92450141906738 -60.21973419189453
v -215.50508117675781 4.63138771057129 -52.44860458374023
v -215.50508117675781 4.86044931411743 -44.47821426391602
v -215.50508117675781 5.08951091766357 -36.50782775878906
v -215.50508117675781 5.31857204437256 -28.53743743896484
v -215.50508117675781 5.5476336479187 -20.56704902648926
v -215.50508117675781 5.77669525146484 -12.59666061401367
v -215.50508117675781 6.00575637817383 -4.62627220153809
v -215.50508117675781 6.15536212921143 3.38542366027832
v -215.50508117675781 6.12361621856689 11.35903930664062
v -215.50508117675781 6.09187030792236 19.33265686035156
v -235.07044982910156 1.28676235675812 19.2635326385498
v -235.07044982910156 1.44919908046722 11.29150772094727
v -235.07044982910156 1.61163568496704 3.31948304176331
v -235.07044982910156 1.77407240867615 -4.65254163742065
v -235.07044982910156 1.93650901317596 -12.62456607818604
v -235.07044982910156 2.09894561767578 -20.59659004211426
v -235.07044982910156 2.26138234138489 -28.5686149597168
v -235.07044982910156 2.42381906509399 -36.54064178466797
v -235.07044982910156 2.5862557888031 -44.51266479492188
v -235.07044982910156 2.74869227409363 -52.48468780517578
v -235.07044982910156 2.92450141906738 -60.21973419189453
v -235.07044982910156 4.63138771057129 -52.44860458374023
v -235.07044982910156 4.86044931411743 -44.47821426391602
v -235.07044982910156 5.08951091766357 -36.50782775878906
v -235.07044982910156 5.31857204437256 -28.53743743896484
v -235.07044982910156 5.5476336479187 -20.56704902648926
v -235.07044982910156 5.77669525146484 -12.59666061401367
v -235.07044982910156 6.00575637817383 -4.62627220153809
v -235.07044982910156 6.15536212921143 3.38542366027832
v -235.07044982910156 6.12361621856689 11.35903930664062
v -235.07044982910156 6.09187030792236 19.33265686035156
v -254.63583374023438 1.28676235675812 19.2635326385498
v -254.63583374023438 1.44919908046722 11.29150772094727
v -254.63583374023438 1.61163568496704 3.31948304176331
v -254.63583374023438 1.77407240867615 -4.65254163742065
v -254.63583374023438 1.93650901317596 -12.62456607818604
v -254.63583374023438 2.09894561767578 -20.59659004211426
v -254.63583374023438 2.26138234138489 -28.5686149597168
v -254.63583374023438 2.42381906509399 -36.54064178466797
v -254.63583374023438 2.5862557888031 -44.51266479492188
v -254.63583374023438 2.74869227409363 -52.48468780517578
v -254.63583374023438 2.92450141906738 -60.21973419189453
v -254.63583374023438 4.63138771057129 -52.44860458374023
v -254.63583374023438 4.86044931411743 -44.47821426391602
v -254.63583374023438 5.08951091766357 -36.50782775878906
v -254.63583374023438 5.31857204437256 -28.53743743896484
v -254.63583374023438 5.5476336479187 -20.56704902648926
v -254.63583374023438 5.77669525146484 -12.59666061401367
v -254.63583374023438 6.00575637817383 -4.62627220153809
v -254.63583374023438 6.15536212921143 3.38542366027832
v -254.63583374023438 6.12361621856689 11.35903930664062
v -254.63583374023438 6.09187030792236 19.33265686035156
v -274.20120239257812 1.28676235675812 19.2635326385498
v -274.20120239257812 1.44919908046722 11.29150772094727
v -274.20120239257812 1.61163568496704 3.31948304176331
v -274.20120239257812 1.77407240867615 -4.65254163742065
v -274.20120239257812 1.93650901317596 -12.62456607818604
v -274.20120239257812 2.09894561767578 -20.59659004211426
v -274.20120239257812 2.26138234138489 -28.5686149597168
v -274.20120239257812 2.42381906509399 -36.54064178466797
v -274.20120239257812 2.5862557888031 -44.51266479492188
v -274.20120239257812 2.74869227409363 -52.48468780517578
v -274.20120239257812 2.92450141906738 -60.21973419189453
v -274.20120239257812 4.63138771057129 -52.44860458374023
v -274.20120239257812 4.86044931411743 -44.47821426391602
v -274.20120239257812 5.08951091766357 -36.50782775878906
v -274.20120239257812 5.31857204437256 -28.53743743896484
v -274.20120239257812 5.5476336479187 -20.56704902648926
v -274.20120239257812 5.77669525146484 -12.59666061401367
v -274.20120239257812 6.00575637817383 -4.62627220153809
v -274.20120239257812 6.15536212921143 3.38542366027832
v -274.20120239257812 6.12361621856689 11.35903930664062
v -274.20120239257812 6.09187030792236 19.33265686035156
v -293.76657104492188 1.28676235675812 19.2635326385498
v -293.76657104492188 1.44919908046722 11.29150772094727
v -293.76657104492188 1.61163568496704 3.31948304176331
v -293.76657104492188 1.77407240867615 -4.65254163742065
v -293.76657104492188 1.93650901317596 -12.62456607818604
v -293.76657104492188 2.09894561767578 -20.59659004211426
v -293.76657104492188 2.26138234138489 -28.5686149597168
v -293.76657104492188 2.42381906509399 -36.54064178466797
v -293.76657104492188 2.5862557888031 -44.51266479492188
v -293.76657104492188 2.74869227409363 -52.48468780517578
v -293.76657104492188 2.92450141906738 -60.21973419189453
v -293.76657104492188 4.63138771057129 -52.44860458374023
v -293.76657104492188 4.86044931411743 -44.47821426391602
v -293.76657104492188 5.08951091766357 -36.50782775878906
v -293.76657104492188 5.31857204437256 -28.53743743896484
v -293.76657104492188 5.5476336479187 -20.56704902648926
v -293.76657104492188 5.77669525146484 -12.59666061401367
v -293.76657104492188 6.00575637817383 -4.62627220153809
v -293.76657104492188 6.15536212921143 3.38542366027832
v -293.76657104492188 6.12361621856689 11.35903930664062
v -293.76657104492188 6.09187030792236 19.33265686035156
# 441 vertices

vn 0 0.99979245662689 0.02037161402404
vn 0 0.99979245662689 0.02037160657346
vn 0 0.99979245662689 0.02037160098553
vn 0 0.99979245662689 0.02037160843611
vn 0 0.99979245662689 0.0203716121614
vn 0 0.99979245662689 0.02037160284817
vn 0 0.9997678399086 0.02154732681811
vn 0 0.99974179267883 0.02272303774953
vn 0 -0.97671723365784 0.21453064680099
vn 0 -0.9925097823143 0.12216528505087
vn 0 -0.99958729743958 0.02872721850872
vn 0 -0.99958729743958 0.02872718684375
vn 0 -0.99958729743958 0.0287271887064
vn 0 -0.99958729743958 0.02872718311846
vn 0 -0.99958729743958 0.02872721664608
vn 0 -0.99958729743958 0.02872718498111
vn 0 -0.99971914291382 0.02369896136224
vn 0 -0.99971914291382 0.0236989594996
vn 0 -0.99997299909592 0.00734488433227
vn 0 -0.99997299909592 0.00734488386661
vn 0 -0.99999207258224 -0.00398133788258
vn 0 -0.99999207258224 -0.00398133741692
vn 0 0.9997678399086 0.02154732495546
vn 0 0.99974179267883 0.02272303774953
vn 0 0.99979245662689 0.02037160471082
vn 0 -0.99997299909592 0.00734488386661
vn 0 -0.97671723365784 0.21453063189983
vn 0 -0.99997299909592 0.00734488340095
vn 0 -0.99958729743958 0.02872721478343
vn 0 0.9997678399086 0.02154732868075
vn 0 -0.99997299909592 0.00734488293529
# 31 normals

vt 0.01516550593078 0.00611817836761 0
vt 0.01516550593078 0.05550634860992 0
vt 0.06505768746138 0.05550634860992 0
vt 0.06505768746138 0.00611817836761 0
vt 0.11494987457991 0.05550634860992 0
vt 0.11494987457991 0.00611817836761 0
vt 0.16484205424786 0.05550634860992 0
vt 0.16484205424786 0.00611817836761 0
vt 0.21473424136639 0.05550634860992 0
vt 0.21473424136639 0.00611817836761 0
vt 0.26462641358376 0.05550634860992 0
vt 0.26462641358376 0.00611817836761 0
vt 0.31451860070229 0.05550634860992 0
vt 0.31451860070229 0.00611817836761 0
vt 0.36441078782082 0.05550634860992 0
vt 0.36441078782082 0.00611817836761 0
vt 0.41430297493935 0.05550634860992 0
vt 0.41430297493935 0.00611817836761 0
vt 0.46419516205788 0.05550634860992 0
vt 0.46419516205788 0.00611817836761 0
vt 0.51235717535019 0.05550634860992 0
vt 0.51235717535019 0.00611817836761 0
vt 0.98483449220657 0.99388188123703 0
vt 0.98483449220657 0.94449371099472 0
vt 0.94061988592148 0.94449371099472 0
vt 0.94061988592148 0.99388188123703 0
vt 0.89640522003174 0.94449371099472 0
vt 0.89640522003174 0.99388188123703 0
vt 0.85219061374664 0.94449371099472 0
vt 0.85219061374664 0.99388188123703 0
vt 0.8079759478569 0.94449371099472 0
vt 0.8079759478569 0.99388188123703 0
vt 0.76376134157181 0.94449371099472 0
vt 0.76376134157181 0.99388188123703 0
vt 0.71954667568207 0.94449371099472 0
vt 0.71954667568207 0.99388188123703 0
vt 0.67533206939697 0.94449371099472 0
vt 0.67533206939697 0.99388188123703 0
vt 0.63111746311188 0.94449371099472 0
vt 0.63111746311188 0.99388188123703 0
vt 0.58690279722214 0.94449371099472 0
vt 0.58690279722214 0.99388188123703 0
vt 0.54268819093704 0.94449371099472 0
vt 0.54268819093704 0.99388188123703 0
vt 0.01516550593078 0.10489451885223 0
vt 0.06505768746138 0.10489451885223 0
vt 0.11494987457991 0.10489451885223 0
vt 0.16484205424786 0.10489451885223 0
vt 0.21473424136639 0.10489451885223 0
vt 0.26462641358376 0.10489451885223 0
vt 0.31451860070229 0.10489451885223 0
vt 0.36441078782082 0.10489451885223 0
vt 0.41430297493935 0.10489451885223 0
vt 0.46419516205788 0.10489451885223 0
vt 0.51235717535019 0.10489451885223 0
vt 0.98483449220657 0.89510548114777 0
vt 0.94061988592148 0.89510548114777 0
vt 0.89640522003174 0.89510548114777 0
vt 0.85219061374664 0.89510548114777 0
vt 0.8079759478569 0.89510548114777 0
vt 0.76376134157181 0.89510548114777 0
vt 0.71954667568207 0.89510548114777 0
vt 0.67533206939697 0.89510548114777 0
vt 0.63111746311188 0.89510548114777 0
vt 0.58690279722214 0.89510548114777 0
vt 0.54268819093704 0.89510548114777 0
vt 0.01516550593078 0.15428268909454 0
vt 0.06505768746138 0.15428268909454 0
vt 0.11494987457991 0.15428268909454 0
vt 0.16484205424786 0.15428268909454 0
vt 0.21473424136639 0.15428268909454 0
vt 0.26462641358376 0.15428268909454 0
vt 0.31451860070229 0.15428268909454 0
vt 0.36441078782082 0.15428268909454 0
vt 0.41430297493935 0.15428268909454 0
vt 0.46419516205788 0.15428268909454 0
vt 0.51235717535019 0.15428268909454 0
vt 0.98483449220657 0.84571731090546 0
vt 0.94061988592148 0.84571731090546 0
vt 0.89640522003174 0.84571731090546 0
vt 0.85219061374664 0.84571731090546 0
vt 0.8079759478569 0.84571731090546 0
vt 0.76376134157181 0.84571731090546 0
vt 0.71954667568207 0.84571731090546 0
vt 0.67533206939697 0.84571731090546 0
vt 0.63111746311188 0.84571731090546 0
vt 0.58690279722214 0.84571731090546 0
vt 0.54268819093704 0.84571731090546 0
vt 0.01516550593078 0.20367085933685 0
vt 0.06505768746138 0.20367085933685 0
vt 0.11494987457991 0.20367085933685 0
vt 0.16484205424786 0.20367085933685 0
vt 0.21473424136639 0.20367085933685 0
vt 0.26462641358376 0.20367085933685 0
vt 0.31451860070229 0.20367085933685 0
vt 0.36441078782082 0.20367085933685 0
vt 0.41430297493935 0.20367085933685 0
vt 0.46419516205788 0.20367085933685 0
vt 0.51235717535019 0.20367085933685 0
vt 0.98483449220657 0.79632914066315 0
vt 0.94061988592148 0.79632914066315 0
vt 0.89640522003174 0.79632914066315 0
vt 0.85219061374664 0.79632914066315 0
vt 0.8079759478569 0.79632914066315 0
vt 0.76376134157181 0.79632914066315 0
vt 0.71954667568207 0.79632914066315 0
vt 0.67533206939697 0.79632914066315 0
vt 0.63111746311188 0.79632914066315 0
vt 0.58690279722214 0.79632914066315 0
vt 0.54268819093704 0.79632914066315 0
vt 0.01516550593078 0.25305914878845 0
vt 0.06505768746138 0.25305914878845 0
vt 0.11494987457991 0.25305914878845 0
vt 0.16484205424786 0.25305914878845 0
vt 0.21473424136639 0.25305914878845 0
vt 0.26462641358376 0.25305914878845 0
vt 0.31451860070229 0.25305914878845 0
vt 0.36441078782082 0.25305914878845 0
vt 0.41430297493935 0.25305914878845 0
vt 0.46419516205788 0.25305914878845 0
vt 0.51235717535019 0.25305914878845 0
vt 0.98483449220657 0.74694097042084 0
vt 0.94061988592148 0.74694097042084 0
vt 0.89640522003174 0.74694097042084 0
vt 0.85219061374664 0.74694097042084 0
vt 0.8079759478569 0.74694097042084 0
vt 0.76376134157181 0.74694097042084 0
vt 0.71954667568207 0.74694097042084 0
vt 0.67533206939697 0.74694097042084 0
vt 0.63111746311188 0.74694097042084 0
vt 0.58690279722214 0.74694097042084 0
vt 0.54268819093704 0.74694097042084 0
vt 0.01516550593078 0.30244731903076 0
vt 0.06505768746138 0.30244731903076 0
vt 0.11494987457991 0.30244731903076 0
vt 0.16484205424786 0.30244731903076 0
vt 0.21473424136639 0.30244731903076 0
vt 0.26462641358376 0.30244731903076 0
vt 0.31451860070229 0.30244731903076 0
vt 0.36441078782082 0.30244731903076 0
vt 0.41430297493935 0.30244731903076 0
vt 0.46419516205788 0.30244731903076 0
vt 0.51235717535019 0.30244731903076 0
vt 0.98483449220657 0.69755274057388 0
vt 0.94061988592148 0.69755274057388 0
vt 0.89640522003174 0.69755274057388 0
vt 0.85219061374664 0.69755274057388 0
vt 0.8079759478569 0.69755274057388 0
vt 0.76376134157181 0.69755274057388 0
vt 0.71954667568207 0.69755274057388 0
vt 0.67533206939697 0.69755274057388 0
vt 0.63111746311188 0.69755274057388 0
vt 0.58690279722214 0.69755274057388 0
vt 0.54268819093704 0.69755274057388 0
vt 0.01516550593078 0.35183548927307 0
vt 0.06505768746138 0.35183548927307 0
vt 0.11494987457991 0.35183548927307 0
vt 0.16484205424786 0.35183548927307 0
vt 0.21473424136639 0.35183548927307 0
vt 0.26462641358376 0.35183548927307 0
vt 0.31451860070229 0.35183548927307 0
vt 0.36441078782082 0.35183548927307 0
vt 0.41430297493935 0.35183548927307 0
vt 0.46419516205788 0.35183548927307 0
vt 0.51235717535019 0.35183548927307 0
vt 0.98483449220657 0.64816457033157 0
vt 0.94061988592148 0.64816457033157 0
vt 0.89640522003174 0.64816457033157 0
vt 0.85219061374664 0.64816457033157 0
vt 0.8079759478569 0.64816457033157 0
vt 0.76376134157181 0.64816457033157 0
vt 0.71954667568207 0.64816457033157 0
vt 0.67533206939697 0.64816457033157 0
vt 0.63111746311188 0.64816457033157 0
vt 0.58690279722214 0.64816457033157 0
vt 0.54268819093704 0.64816457033157 0
vt 0.01516550593078 0.40122365951538 0
vt 0.06505768746138 0.40122365951538 0
vt 0.11494987457991 0.40122365951538 0
vt 0.16484205424786 0.40122365951538 0
vt 0.21473424136639 0.40122365951538 0
vt 0.26462641358376 0.40122365951538 0
vt 0.31451860070229 0.40122365951538 0
vt 0.36441078782082 0.40122365951538 0
vt 0.41430297493935 0.40122365951538 0
vt 0.46419516205788 0.40122365951538 0
vt 0.51235717535019 0.40122365951538 0
vt 0.98483449220657 0.59877640008926 0
vt 0.94061988592148 0.59877640008926 0
vt 0.89640522003174 0.59877640008926 0
vt 0.85219061374664 0.59877640008926 0
vt 0.8079759478569 0.59877640008926 0
vt 0.76376134157181 0.59877640008926 0
vt 0.71954667568207 0.59877640008926 0
vt 0.67533206939697 0.59877640008926 0
vt 0.63111746311188 0.59877640008926 0
vt 0.58690279722214 0.59877640008926 0
vt 0.54268819093704 0.59877640008926 0
vt 0.01516550593078 0.45061182975769 0
vt 0.06505768746138 0.45061182975769 0
vt 0.11494987457991 0.45061182975769 0
vt 0.16484205424786 0.45061182975769 0
vt 0.21473424136639 0.45061182975769 0
vt 0.26462641358376 0.45061182975769 0
vt 0.31451860070229 0.45061182975769 0
vt 0.36441078782082 0.45061182975769 0
vt 0.41430297493935 0.45061182975769 0
vt 0.46419516205788 0.45061182975769 0
vt 0.51235717535019 0.45061182975769 0
vt 0.98483449220657 0.54938822984695 0
vt 0.94061988592148 0.54938822984695 0
vt 0.89640522003174 0.54938822984695 0
vt 0.85219061374664 0.54938822984695 0
vt 0.8079759478569 0.54938822984695 0
vt 0.76376134157181 0.54938822984695 0
vt 0.71954667568207 0.54938822984695 0
vt 0.67533206939697 0.54938822984695 0
vt 0.63111746311188 0.54938822984695 0
vt 0.58690279722214 0.54938822984695 0
vt 0.54268819093704 0.54938822984695 0
vt 0.01516550593078 0.5 0
vt 0.06505768746138 0.5 0
vt 0.11494987457991 0.5 0
vt 0.16484205424786 0.5 0
vt 0.21473424136639 0.5 0
vt 0.26462641358376 0.5 0
vt 0.31451860070229 0.5 0
vt 0.36441078782082 0.5 0
vt 0.41430297493935 0.5 0
vt 0.46419516205788 0.5 0
vt 0.51235717535019 0.5 0
vt 0.98483449220657 0.5 0
vt 0.94061988592148 0.5 0
vt 0.89640522003174 0.5 0
vt 0.85219061374664 0.5 0
vt 0.8079759478569 0.5 0
vt 0.76376134157181 0.5 0
vt 0.71954667568207 0.5 0
vt 0.67533206939697 0.5 0
vt 0.63111746311188 0.5 0
vt 0.58690279722214 0.5 0
vt 0.54268819093704 0.5 0
vt 0.01516550593078 0.54938822984695 0
vt 0.06505768746138 0.54938822984695 0
vt 0.11494987457991 0.54938822984695 0
vt 0.16484205424786 0.54938822984695 0
vt 0.21473424136639 0.54938822984695 0
vt 0.26462641358376 0.54938822984695 0
vt 0.31451860070229 0.54938822984695 0
vt 0.36441078782082 0.54938822984695 0
vt 0.41430297493935 0.54938822984695 0
vt 0.46419516205788 0.54938822984695 0
vt 0.51235717535019 0.54938822984695 0
vt 0.98483449220657 0.45061182975769 0
vt 0.94061988592148 0.45061182975769 0
vt 0.89640522003174 0.45061182975769 0
vt 0.85219061374664 0.45061182975769 0
vt 0.8079759478569 0.45061182975769 0
vt 0.76376134157181 0.45061182975769 0
vt 0.71954667568207 0.45061182975769 0
vt 0.67533206939697 0.45061182975769 0
vt 0.63111746311188 0.45061182975769 0
vt 0.58690279722214 0.45061182975769 0
vt 0.54268819093704 0.45061182975769 0
vt 0.01516550593078 0.59877640008926 0
vt 0.06505768746138 0.59877640008926 0
vt 0.11494987457991 0.59877640008926 0
vt 0.16484205424786 0.59877640008926 0
vt 0.21473424136639 0.59877640008926 0
vt 0.26462641358376 0.59877640008926 0
vt 0.31451860070229 0.59877640008926 0
vt 0.36441078782082 0.59877640008926 0
vt 0.41430297493935 0.59877640008926 0
vt 0.46419516205788 0.59877640008926 0
vt 0.51235717535019 0.59877640008926 0
vt 0.98483449220657 0.40122365951538 0
vt 0.94061988592148 0.40122365951538 0
vt 0.89640522003174 0.40122365951538 0
vt 0.85219061374664 0.40122365951538 0
vt 0.8079759478569 0.40122365951538 0
vt 0.76376134157181 0.40122365951538 0
vt 0.71954667568207 0.40122365951538 0
vt 0.67533206939697 0.40122365951538 0
vt 0.63111746311188 0.40122365951538 0
vt 0.58690279722214 0.40122365951538 0
vt 0.54268819093704 0.40122365951538 0
vt 0.01516550593078 0.64816457033157 0
vt 0.06505768746138 0.64816457033157 0
vt 0.11494987457991 0.64816457033157 0
vt 0.16484205424786 0.64816457033157 0
vt 0.21473424136639 0.64816457033157 0
vt 0.26462641358376 0.64816457033157 0
vt 0.31451860070229 0.64816457033157 0
vt 0.36441078782082 0.64816457033157 0
vt 0.41430297493935 0.64816457033157 0
vt 0.46419516205788 0.64816457033157 0
vt 0.51235717535019 0.64816457033157 0
vt 0.98483449220657 0.35183548927307 0
vt 0.94061988592148 0.35183548927307 0
vt 0.89640522003174 0.35183548927307 0
vt 0.85219061374664 0.35183548927307 0
vt 0.8079759478569 0.35183548927307 0
vt 0.76376134157181 0.35183548927307 0
vt 0.71954667568207 0.35183548927307 0
vt 0.67533206939697 0.35183548927307 0
vt 0.63111746311188 0.35183548927307 0
vt 0.58690279722214 0.35183548927307 0
vt 0.54268819093704 0.35183548927307 0
vt 0.01516550593078 0.69755274057388 0
vt 0.06505768746138 0.69755274057388 0
vt 0.11494987457991 0.69755274057388 0
vt 0.16484205424786 0.69755274057388 0
vt 0.21473424136639 0.69755274057388 0
vt 0.26462641358376 0.69755274057388 0
vt 0.31451860070229 0.69755274057388 0
vt 0.36441078782082 0.69755274057388 0
vt 0.41430297493935 0.69755274057388 0
vt 0.46419516205788 0.69755274057388 0
vt 0.51235717535019 0.69755274057388 0
vt 0.98483449220657 0.30244731903076 0
vt 0.94061988592148 0.30244731903076 0
vt 0.89640522003174 0.30244731903076 0
vt 0.85219061374664 0.30244731903076 0
vt 0.8079759478569 0.30244731903076 0
vt 0.76376134157181 0.30244731903076 0
vt 0.71954667568207 0.30244731903076 0
vt 0.67533206939697 0.30244731903076 0
vt 0.63111746311188 0.30244731903076 0
vt 0.58690279722214 0.30244731903076 0
vt 0.54268819093704 0.30244731903076 0
vt 0.01516550593078 0.74694097042084 0
vt 0.06505768746138 0.74694097042084 0
vt 0.11494987457991 0.74694097042084 0
vt 0.16484205424786 0.74694097042084 0
vt 0.21473424136639 0.74694097042084 0
vt 0.26462641358376 0.74694097042084 0
vt 0.31451860070229 0.74694097042084 0
vt 0.36441078782082 0.74694097042084 0
vt 0.41430297493935 0.74694097042084 0
vt 0.46419516205788 0.74694097042084 0
vt 0.51235717535019 0.74694097042084 0
vt 0.98483449220657 0.25305914878845 0
vt 0.94061988592148 0.25305914878845 0
vt 0.89640522003174 0.25305914878845 0
vt 0.85219061374664 0.25305914878845 0
vt 0.8079759478569 0.25305914878845 0
vt 0.76376134157181 0.25305914878845 0
vt 0.71954667568207 0.25305914878845 0
vt 0.67533206939697 0.25305914878845 0
vt 0.63111746311188 0.25305914878845 0
vt 0.58690279722214 0.25305914878845 0
vt 0.54268819093704 0.25305914878845 0
vt 0.01516550593078 0.79632914066315 0
vt 0.06505768746138 0.79632914066315 0
vt 0.11494987457991 0.79632914066315 0
vt 0.16484205424786 0.79632914066315 0
vt 0.21473424136639 0.79632914066315 0
vt 0.26462641358376 0.79632914066315 0
vt 0.31451860070229 0.79632914066315 0
vt 0.36441078782082 0.79632914066315 0
vt 0.41430297493935 0.79632914066315 0
vt 0.46419516205788 0.79632914066315 0
vt 0.51235717535019 0.79632914066315 0
vt 0.98483449220657 0.20367085933685 0
vt 0.94061988592148 0.20367085933685 0
vt 0.89640522003174 0.20367085933685 0
vt 0.85219061374664 0.20367085933685 0
vt 0.8079759478569 0.20367085933685 0
vt 0.76376134157181 0.20367085933685 0
vt 0.71954667568207 0.20367085933685 0
vt 0.67533206939697 0.20367085933685 0
vt 0.63111746311188 0.20367085933685 0
vt 0.58690279722214 0.20367085933685 0
vt 0.54268819093704 0.20367085933685 0
vt 0.01516550593078 0.84571731090546 0
vt 0.06505768746138 0.84571731090546 0
vt 0.11494987457991 0.84571731090546 0
vt 0.16484205424786 0.84571731090546 0
vt 0.21473424136639 0.84571731090546 0
vt 0.26462641358376 0.84571731090546 0
vt 0.31451860070229 0.84571731090546 0
vt 0.36441078782082 0.84571731090546 0
vt 0.41430297493935 0.84571731090546 0
vt 0.46419516205788 0.84571731090546 0
vt 0.51235717535019 0.84571731090546 0
vt 0.98483449220657 0.15428268909454 0
vt 0.94061988592148 0.15428268909454 0
vt 0.89640522003174 0.15428268909454 0
vt 0.85219061374664 0.15428268909454 0
vt 0.8079759478569 0.15428268909454 0
vt 0.76376134157181 0.15428268909454 0
vt 0.71954667568207 0.15428268909454 0
vt 0.67533206939697 0.15428268909454 0
vt 0.63111746311188 0.15428268909454 0
vt 0.58690279722214 0.15428268909454 0
vt 0.54268819093704 0.15428268909454 0
vt 0.01516550593078 0.89510548114777 0
vt 0.06505768746138 0.89510548114777 0
vt 0.11494987457991 0.89510548114777 0
vt 0.16484205424786 0.89510548114777 0
vt 0.21473424136639 0.89510548114777 0
vt 0.26462641358376 0.89510548114777 0
vt 0.31451860070229 0.89510548114777 0
vt 0.36441078782082 0.89510548114777 0
vt 0.41430297493935 0.89510548114777 0
vt 0.46419516205788 0.89510548114777 0
vt 0.51235717535019 0.89510548114777 0
vt 0.98483449220657 0.10489451885223 0
vt 0.94061988592148 0.10489451885223 0
vt 0.89640522003174 0.10489451885223 0
vt 0.85219061374664 0.10489451885223 0
vt 0.8079759478569 0.10489451885223 0
vt 0.76376134157181 0.10489451885223 0
vt 0.71954667568207 0.10489451885223 0
vt 0.67533206939697 0.10489451885223 0
vt 0.63111746311188 0.10489451885223 0
vt 0.58690279722214 0.10489451885223 0
vt 0.54268819093704 0.10489451885223 0
vt 0.01516550593078 0.94449371099472 0
vt 0.06505768746138 0.94449371099472 0
vt 0.11494987457991 0.94449371099472 0
vt 0.16484205424786 0.94449371099472 0
vt 0.21473424136639 0.94449371099472 0
vt 0.26462641358376 0.94449371099472 0
vt 0.31451860070229 0.94449371099472 0
vt 0.36441078782082 0.94449371099472 0
vt 0.41430297493935 0.94449371099472 0
vt 0.46419516205788 0.94449371099472 0
vt 0.51235717535019 0.94449371099472 0
vt 0.98483449220657 0.05550634860992 0
vt 0.94061988592148 0.05550634860992 0
vt 0.89640522003174 0.05550634860992 0
vt 0.85219061374664 0.05550634860992 0
vt 0.8079759478569 0.05550634860992 0
vt 0.76376134157181 0.05550634860992 0
vt 0.71954667568207 0.05550634860992 0
vt 0.67533206939697 0.05550634860992 0
vt 0.63111746311188 0.05550634860992 0
vt 0.58690279722214 0.05550634860992 0
vt 0.54268819093704 0.05550634860992 0
vt 0.01516550593078 0.99388188123703 0
vt 0.06505768746138 0.99388188123703 0
vt 0.11494987457991 0.99388188123703 0
vt 0.16484205424786 0.99388188123703 0
vt 0.21473424136639 0.99388188123703 0
vt 0.26462641358376 0.99388188123703 0
vt 0.31451860070229 0.99388188123703 0
vt 0.36441078782082 0.99388188123703 0
vt 0.41430297493935 0.99388188123703 0
vt 0.46419516205788 0.99388188123703 0
vt 0.51235717535019 0.99388188123703 0
vt 0.98483449220657 0.00611817836761 0
vt 0.94061988592148 0.00611817836761 0
vt 0.89640522003174 0.00611817836761 0
vt 0.85219061374664 0.00611817836761 0
vt 0.8079759478569 0.00611817836761 0
vt 0.76376134157181 0.00611817836761 0
vt 0.71954667568207 0.00611817836761 0
vt 0.67533206939697 0.00611817836761 0
vt 0.63111746311188 0.00611817836761 0
vt 0.58690279722214 0.00611817836761 0
vt 0.54268819093704 0.00611817836761 0
# 462 texture coordinates

o Feuille_2
usemtl Feuille
f 2/4/2 23/3/2 22/2/1 1/1/1
f 3/6/2 24/5/2 23/3/2 2/4/2
f 4/8/2 25/7/2 24/5/2 3/6/2
f 5/10/3 26/9/3 25/7/2 4/8/2
f 6/12/4 27/11/4 26/9/3 5/10/3
f 7/14/5 28/13/5 27/11/4 6/12/4
f 8/16/5 29/15/5 28/13/5 7/14/5
f 9/18/6 30/17/6 29/15/5 8/16/5
f 10/20/7 31/19/7 30/17/6 9/18/6
f 11/22/8 32/21/8 31/19/7 10/20/7
f 12/26/10 33/25/10 32/24/9 11/23/9
f 13/28/11 34/27/11 33/25/10 12/26/10
f 14/30/13 35/29/12 34/27/11 13/28/11
f 15/32/14 36/31/14 35/29/12 14/30/13
f 16/34/15 37/33/15 36/31/14 15/32/14
f 17/36/16 38/35/12 37/33/15 16/34/15
f 18/38/18 39/37/17 38/35/12 17/36/16
f 19/40/20 40/39/19 39/37/17 18/38/18
f 20/42/21 41/41/21 40/39/19 19/40/20
f 21/44/22 42/43/22 41/41/21 20/42/21
f 23/3/2 44/46/2 43/45/1 22/2/1
f 24/5/2 45/47/2 44/46/2 23/3/2
f 25/7/2 46/48/2 45/47/2 24/5/2
f 26/9/3 47/49/3 46/48/2 25/7/2
f 27/11/4 48/50/4 47/49/3 26/9/3
f 28/13/5 49/51/5 48/50/4 27/11/4
f 29/15/5 50/52/5 49/51/5 28/13/5
f 30/17/6 51/53/6 50/52/5 29/15/5
f 31/19/7 52/54/23 51/53/6 30/17/6
f 32/21/8 53/55/24 52/54/23 31/19/7
f 33/25/10 54/57/10 53/56/9 32/24/9
f 34/27/11 55/58/15 54/57/10 33/25/10
f 35/29/12 56/59/16 55/58/15 34/27/11
f 36/31/14 57/60/14 56/59/16 35/29/12
f 37/33/15 58/61/15 57/60/14 36/31/14
f 38/35/12 59/62/12 58/61/15 37/33/15
f 39/37/17 60/63/17 59/62/12 38/35/12
f 40/39/19 61/64/19 60/63/17 39/37/17
f 41/41/21 62/65/21 61/64/19 40/39/19
f 42/43/22 63/66/22 62/65/21 41/41/21
f 44/46/2 65/68/2 64/67/1 43/45/1
f 45/47/2 66/69/2 65/68/2 44/46/2
f 46/48/2 67/70/2 66/69/2 45/47/2
f 47/49/3 68/71/3 67/70/2 46/48/2
f 48/50/4 69/72/4 68/71/3 47/49/3
f 49/51/5 70/73/5 69/72/4 48/50/4
f 50/52/5 71/74/1 70/73/5 49/51/5
f 51/53/6 72/75/25 71/74/1 50/52/5
f 52/54/23 73/76/23 72/75/25 51/53/6
f 53/55/24 74/77/24 73/76/23 52/54/23
f 54/57/10 75/79/10 74/78/9 53/56/9
f 55/58/15 76/80/15 75/79/10 54/57/10
f 56/59/16 77/81/12 76/80/15 55/58/15
f 57/60/14 78/82/14 77/81/12 56/59/16
f 58/61/15 79/83/15 78/82/14 57/60/14
f 59/62/12 80/84/12 79/83/15 58/61/15
f 60/63/17 81/85/17 80/84/12 59/62/12
f 61/64/19 82/86/19 81/85/17 60/63/17
f 62/65/21 83/87/21 82/86/19 61/64/19
f 63/66/22 84/88/22 83/87/21 62/65/21
f 65/68/2 86/90/2 85/89/1 64/67/1
f 66/69/2 87/91/2 86/90/2 65/68/2
f 67/70/2 88/92/2 87/91/2 66/69/2
f 68/71/3 89/93/3 88/92/2 67/70/2
f 69/72/4 90/94/4 89/93/3 68/71/3
f 70/73/5 91/95/5 90/94/4 69/72/4
f 71/74/1 92/96/1 91/95/5 70/73/5
f 72/75/25 93/97/25 92/96/1 71/74/1
f 73/76/23 94/98/23 93/97/25 72/75/25
f 74/77/24 95/99/24 94/98/23 73/76/23
f 75/79/10 96/101/10 95/100/9 74/78/9
f 76/80/15 97/102/11 96/101/10 75/79/10
f 77/81/12 98/103/12 97/102/11 76/80/15
f 78/82/14 99/104/14 98/103/12 77/81/12
f 79/83/15 100/105/15 99/104/14 78/82/14
f 80/84/12 101/106/12 100/105/15 79/83/15
f 81/85/17 102/107/17 101/106/12 80/84/12
f 82/86/19 103/108/19 102/107/17 81/85/17
f 83/87/21 104/109/21 103/108/19 82/86/19
f 84/88/22 105/110/22 104/109/21 83/87/21
f 86/90/2 107/112/2 106/111/1 85/89/1
f 87/91/2 108/113/2 107/112/2 86/90/2
f 88/92/2 109/114/2 108/113/2 87/91/2
f 89/93/3 110/115/3 109/114/2 88/92/2
f 90/94/4 111/116/4 110/115/3 89/93/3
f 91/95/5 112/117/5 111/116/4 90/94/4
f 92/96/1 113/118/1 112/117/5 91/95/5
f 93/97/25 114/119/25 113/118/1 92/96/1
f 94/98/23 115/120/23 114/119/25 93/97/25
f 95/99/24 116/121/24 115/120/23 94/98/23
f 96/101/10 117/123/10 116/122/9 95/100/9
f 97/102/11 118/124/11 117/123/10 96/101/10
f 98/103/12 119/125/12 118/124/11 97/102/11
f 99/104/14 120/126/14 119/125/12 98/103/12
f 100/105/15 121/127/15 120/126/14 99/104/14
f 101/106/12 122/128/12 121/127/15 100/105/15
f 102/107/17 123/129/17 122/128/12 101/106/12
f 103/108/19 124/130/19 123/129/17 102/107/17
f 104/109/21 125/131/21 124/130/19 103/108/19
f 105/110/22 126/132/22 125/131/21 104/109/21
f 107/112/2 128/134/2 127/133/1 106/111/1
f 108/113/2 129/135/2 128/134/2 107/112/2
f 109/114/2 130/136/2 129/135/2 108/113/2
f 110/115/3 131/137/3 130/136/2 109/114/2
f 111/116/4 132/138/4 131/137/3 110/115/3
f 112/117/5 133/139/5 132/138/4 111/116/4
f 113/118/1 134/140/1 133/139/5 112/117/5
f 114/119/25 135/141/25 134/140/1 113/118/1
f 115/120/23 136/142/23 135/141/25 114/119/25
f 116/121/24 137/143/24 136/142/23 115/120/23
f 117/123/10 138/145/10 137/144/9 116/122/9
f 118/124/11 139/146/11 138/145/10 117/123/10
f 119/125/12 140/147/12 139/146/11 118/124/11
f 120/126/14 141/148/14 140/147/12 119/125/12
f 121/127/15 142/149/15 141/148/14 120/126/14
f 122/128/12 143/150/12 142/149/15 121/127/15
f 123/129/17 144/151/17 143/150/12 122/128/12
f 124/130/19 145/152/19 144/151/17 123/129/17
f 125/131/21 146/153/21 145/152/19 124/130/19
f 126/132/22 147/154/22 146/153/21 125/131/21
f 128/134/2 149/156/2 148/155/1 127/133/1
f 129/135/2 150/157/2 149/156/2 128/134/2
f 130/136/2 151/158/2 150/157/2 129/135/2
f 131/137/3 152/159/3 151/158/2 130/136/2
f 132/138/4 153/160/4 152/159/3 131/137/3
f 133/139/5 154/161/5 153/160/4 132/138/4
f 134/140/1 155/162/1 154/161/5 133/139/5
f 135/141/25 156/163/6 155/162/1 134/140/1
f 136/142/23 157/164/23 156/163/6 135/141/25
f 137/143/24 158/165/24 157/164/23 136/142/23
f 138/145/10 159/167/10 158/166/9 137/144/9
f 139/146/11 160/168/15 159/167/10 138/145/10
f 140/147/12 161/169/16 160/168/15 139/146/11
f 141/148/14 162/170/14 161/169/16 140/147/12
f 142/149/15 163/171/15 162/170/14 141/148/14
f 143/150/12 164/172/12 163/171/15 142/149/15
f 144/151/17 165/173/17 164/172/12 143/150/12
f 145/152/19 166/174/19 165/173/17 144/151/17
f 146/153/21 167/175/21 166/174/19 145/152/19
f 147/154/22 168/176/22 167/175/21 146/153/21
f 149/156/2 170/178/2 169/177/1 148/155/1
f 150/157/2 171/179/2 170/178/2 149/156/2
f 151/158/2 172/180/2 171/179/2 150/157/2
f 152/159/3 173/181/3 172/180/2 151/158/2
f 153/160/4 174/182/4 173/181/3 152/159/3
f 154/161/5 175/183/5 174/182/4 153/160/4
f 155/162/1 176/184/5 175/183/5 154/161/5
f 156/163/6 177/185/6 176/184/5 155/162/1
f 157/164/23 178/186/23 177/185/6 156/163/6
f 158/165/24 179/187/24 178/186/23 157/164/23
f 159/167/10 180/189/10 179/188/9 158/166/9
f 160/168/15 181/190/15 180/189/10 159/167/10
f 161/169/16 182/191/12 181/190/15 160/168/15
f 162/170/14 183/192/14 182/191/12 161/169/16
f 163/171/15 184/193/15 183/192/14 162/170/14
f 164/172/12 185/194/12 184/193/15 163/171/15
f 165/173/17 186/195/17 185/194/12 164/172/12
f 166/174/19 187/196/19 186/195/17 165/173/17
f 167/175/21 188/197/21 187/196/19 166/174/19
f 168/176/22 189/198/22 188/197/21 167/175/21
f 170/178/2 191/200/2 190/199/1 169/177/1
f 171/179/2 192/201/2 191/200/2 170/178/2
f 172/180/2 193/202/2 192/201/2 171/179/2
f 173/181/3 194/203/3 193/202/2 172/180/2
f 174/182/4 195/204/4 194/203/3 173/181/3
f 175/183/5 196/205/5 195/204/4 174/182/4
f 176/184/5 197/206/5 196/205/5 175/183/5
f 177/185/6 198/207/6 197/206/5 176/184/5
f 178/186/23 199/208/7 198/207/6 177/185/6
f 179/187/24 200/209/8 199/208/7 178/186/23
f 180/189/10 201/211/10 200/210/9 179/188/9
f 181/190/15 202/212/11 201/211/10 180/189/10
f 182/191/12 203/213/12 202/212/11 181/190/15
f 183/192/14 204/214/14 203/213/12 182/191/12
f 184/193/15 205/215/15 204/214/14 183/192/14
f 185/194/12 206/216/12 205/215/15 184/193/15
f 186/195/17 207/217/17 206/216/12 185/194/12
f 187/196/19 208/218/19 207/217/17 186/195/17
f 188/197/21 209/219/21 208/218/19 187/196/19
f 189/198/22 210/220/22 209/219/21 188/197/21
f 191/200/2 212/222/2 211/221/1 190/199/1
f 192/201/2 213/223/2 212/222/2 191/200/2
f 193/202/2 214/224/2 213/223/2 192/201/2
f 194/203/3 215/225/3 214/224/2 193/202/2
f 195/204/4 216/226/4 215/225/3 194/203/3
f 196/205/5 217/227/5 216/226/4 195/204/4
f 197/206/5 218/228/5 217/227/5 196/205/5
f 198/207/6 219/229/6 218/228/5 197/206/5
f 199/208/7 220/230/23 219/229/6 198/207/6
f 200/209/8 221/231/24 220/230/23 199/208/7
f 201/211/10 222/233/10 221/232/9 200/210/9
f 202/212/11 223/234/15 222/233/10 201/211/10
f 203/213/12 224/235/13 223/234/15 202/212/11
f 204/214/14 225/236/14 224/235/13 203/213/12
f 205/215/15 226/237/15 225/236/14 204/214/14
f 206/216/12 227/238/12 226/237/15 205/215/15
f 207/217/17 228/239/17 227/238/12 206/216/12
f 208/218/19 229/240/26 228/239/17 207/217/17
f 209/219/21 230/241/21 229/240/26 208/218/19
f 210/220/22 231/242/22 230/241/21 209/219/21
f 212/222/2 233/244/2 232/243/1 211/221/1
f 213/223/2 234/245/2 233/244/2 212/222/2
f 214/224/2 235/246/2 234/245/2 213/223/2
f 215/225/3 236/247/3 235/246/2 214/224/2
f 216/226/4 237/248/4 236/247/3 215/225/3
f 217/227/5 238/249/5 237/248/4 216/226/4
f 218/228/5 239/250/5 238/249/5 217/227/5
f 219/229/6 240/251/6 239/250/5 218/228/5
f 220/230/23 241/252/23 240/251/6 219/229/6
f 221/231/24 242/253/24 241/252/23 220/230/23
f 222/233/10 243/255/10 242/254/27 221/232/9
f 223/234/15 244/256/15 243/255/10 222/233/10
f 224/235/13 245/257/13 244/256/15 223/234/15
f 225/236/14 246/258/16 245/257/13 224/235/13
f 226/237/15 247/259/15 246/258/16 225/236/14
f 227/238/12 248/260/13 247/259/15 226/237/15
f 228/239/17 249/261/17 248/260/13 227/238/12
f 229/240/26 250/262/28 249/261/17 228/239/17
f 230/241/21 251/263/21 250/262/28 229/240/26
f 231/242/22 252/264/22 251/263/21 230/241/21
f 233/244/2 254/266/2 253/265/1 232/243/1
f 234/245/2 255/267/2 254/266/2 233/244/2
f 235/246/2 256/268/2 255/267/2 234/245/2
f 236/247/3 257/269/3 256/268/2 235/246/2
f 237/248/4 258/270/4 257/269/3 236/247/3
f 238/249/5 259/271/5 258/270/4 237/248/4
f 239/250/5 260/272/5 259/271/5 238/249/5
f 240/251/6 261/273/6 260/272/5 239/250/5
f 241/252/23 262/274/7 261/273/6 240/251/6
f 242/253/24 263/275/24 262/274/7 241/252/23
f 243/255/10 264/277/10 263/276/27 242/254/27
f 244/256/15 265/278/15 264/277/10 243/255/10
f 245/257/13 266/279/12 265/278/15 244/256/15
f 246/258/16 267/280/14 266/279/12 245/257/13
f 247/259/15 268/281/29 267/280/14 246/258/16
f 248/260/13 269/282/13 268/281/29 247/259/15
f 249/261/17 270/283/17 269/282/13 248/260/13
f 250/262/28 271/284/26 270/283/17 249/261/17
f 251/263/21 272/285/21 271/284/26 250/262/28
f 252/264/22 273/286/22 272/285/21 251/263/21
f 254/266/2 275/288/2 274/287/1 253/265/1
f 255/267/2 276/289/2 275/288/2 254/266/2
f 256/268/2 277/290/2 276/289/2 255/267/2
f 257/269/3 278/291/3 277/290/2 256/268/2
f 258/270/4 279/292/4 278/291/3 257/269/3
f 259/271/5 280/293/5 279/292/4 258/270/4
f 260/272/5 281/294/5 280/293/5 259/271/5
f 261/273/6 282/295/6 281/294/5 260/272/5
f 262/274/7 283/296/7 282/295/6 261/273/6
f 263/275/24 284/297/24 283/296/7 262/274/7
f 264/277/10 285/299/10 284/298/27 263/276/27
f 265/278/15 286/300/15 285/299/10 264/277/10
f 266/279/12 287/301/13 286/300/15 265/278/15
f 267/280/14 288/302/14 287/301/13 266/279/12
f 268/281/29 289/303/29 288/302/14 267/280/14
f 269/282/13 290/304/13 289/303/29 268/281/29
f 270/283/17 291/305/17 290/304/13 269/282/13
f 271/284/26 292/306/26 291/305/17 270/283/17
f 272/285/21 293/307/21 292/306/26 271/284/26
f 273/286/22 294/308/22 293/307/21 272/285/21
f 275/288/2 296/310/2 295/309/1 274/287/1
f 276/289/2 297/311/2 296/310/2 275/288/2
f 277/290/2 298/312/2 297/311/2 276/289/2
f 278/291/3 299/313/3 298/312/2 277/290/2
f 279/292/4 300/314/4 299/313/3 278/291/3
f 280/293/5 301/315/5 300/314/4 279/292/4
f 281/294/5 302/316/5 301/315/5 280/293/5
f 282/295/6 303/317/6 302/316/5 281/294/5
f 283/296/7 304/318/7 303/317/6 282/295/6
f 284/297/24 305/319/24 304/318/7 283/296/7
f 285/299/10 306/321/10 305/320/27 284/298/27
f 286/300/15 307/322/15 306/321/10 285/299/10
f 287/301/13 308/323/12 307/322/15 286/300/15
f 288/302/14 309/324/14 308/323/12 287/301/13
f 289/303/29 310/325/29 309/324/14 288/302/14
f 290/304/13 311/326/13 310/325/29 289/303/29
f 291/305/17 312/327/17 311/326/13 290/304/13
f 292/306/26 313/328/26 312/327/17 291/305/17
f 293/307/21 314/329/21 313/328/26 292/306/26
f 294/308/22 315/330/22 314/329/21 293/307/21
f 296/310/2 317/332/2 316/331/1 295/309/1
f 297/311/2 318/333/2 317/332/2 296/310/2
f 298/312/2 319/334/2 318/333/2 297/311/2
f 299/313/3 320/335/3 319/334/2 298/312/2
f 300/314/4 321/336/4 320/335/3 299/313/3
f 301/315/5 322/337/5 321/336/4 300/314/4
f 302/316/5 323/338/5 322/337/5 301/315/5
f 303/317/6 324/339/6 323/338/5 302/316/5
f 304/318/7 325/340/7 324/339/6 303/317/6
f 305/319/24 326/341/24 325/340/7 304/318/7
f 306/321/10 327/343/10 326/342/27 305/320/27
f 307/322/15 328/344/15 327/343/10 306/321/10
f 308/323/12 329/345/13 328/344/15 307/322/15
f 309/324/14 330/346/14 329/345/13 308/323/12
f 310/325/29 331/347/29 330/346/14 309/324/14
f 311/326/13 332/348/13 331/347/29 310/325/29
f 312/327/17 333/349/17 332/348/13 311/326/13
f 313/328/26 334/350/26 333/349/17 312/327/17
f 314/329/21 335/351/21 334/350/26 313/328/26
f 315/330/22 336/352/22 335/351/21 314/329/21
f 317/332/2 338/354/2 337/353/1 316/331/1
f 318/333/2 339/355/2 338/354/2 317/332/2
f 319/334/2 340/356/2 339/355/2 318/333/2
f 320/335/3 341/357/3 340/356/2 319/334/2
f 321/336/4 342/358/4 341/357/3 320/335/3
f 322/337/5 343/359/5 342/358/4 321/336/4
f 323/338/5 344/360/5 343/359/5 322/337/5
f 324/339/6 345/361/6 344/360/5 323/338/5
f 325/340/7 346/362/23 345/361/6 324/339/6
f 326/341/24 347/363/24 346/362/23 325/340/7
f 327/343/10 348/365/10 347/364/27 326/342/27
f 328/344/15 349/366/15 348/365/10 327/343/10
f 329/345/13 350/367/13 349/366/15 328/344/15
f 330/346/14 351/368/16 350/367/13 329/345/13
f 331/347/29 352/369/15 351/368/16 330/346/14
f 332/348/13 353/370/13 352/369/15 331/347/29
f 333/349/17 354/371/17 353/370/13 332/348/13
f 334/350/26 355/372/28 354/371/17 333/349/17
f 335/351/21 356/373/21 355/372/28 334/350/26
f 336/352/22 357/374/22 356/373/21 335/351/21
f 338/354/2 359/376/2 358/375/1 337/353/1
f 339/355/2 360/377/2 359/376/2 338/354/2
f 340/356/2 361/378/2 360/377/2 339/355/2
f 341/357/3 362/379/3 361/378/2 340/356/2
f 342/358/4 363/380/4 362/379/3 341/357/3
f 343/359/5 364/381/5 363/380/4 342/358/4
f 344/360/5 365/382/5 364/381/5 343/359/5
f 345/361/6 366/383/6 365/382/5 344/360/5
f 346/362/23 367/384/7 366/383/6 345/361/6
f 347/363/24 368/385/24 367/384/7 346/362/23
f 348/365/10 369/387/10 368/386/27 347/364/27
f 349/366/15 370/388/15 369/387/10 348/365/10
f 350/367/13 371/389/12 370/388/15 349/366/15
f 351/368/16 372/390/14 371/389/12 350/367/13
f 352/369/15 373/391/29 372/390/14 351/368/16
f 353/370/13 374/392/13 373/391/29 352/369/15
f 354/371/17 375/393/17 374/392/13 353/370/13
f 355/372/28 376/394/26 375/393/17 354/371/17
f 356/373/21 377/395/21 376/394/26 355/372/28
f 357/374/22 378/396/22 377/395/21 356/373/21
f 359/376/2 380/398/2 379/397/1 358/375/1
f 360/377/2 381/399/2 380/398/2 359/376/2
f 361/378/2 382/400/2 381/399/2 360/377/2
f 362/379/3 383/401/3 382/400/2 361/378/2
f 363/380/4 384/402/4 383/401/3 362/379/3
f 364/381/5 385/403/5 384/402/4 363/380/4
f 365/382/5 386/404/5 385/403/5 364/381/5
f 366/383/6 387/405/6 386/404/5 365/382/5
f 367/384/7 388/406/7 387/405/6 366/383/6
f 368/385/24 389/407/24 388/406/7 367/384/7
f 369/387/10 390/409/10 389/408/27 368/386/27
f 370/388/15 391/410/15 390/409/10 369/387/10
f 371/389/12 392/411/13 391/410/15 370/388/15
f 372/390/14 393/412/14 392/411/13 371/389/12
f 373/391/29 394/413/29 393/412/14 372/390/14
f 374/392/13 395/414/13 394/413/29 373/391/29
f 375/393/17 396/415/17 395/414/13 374/392/13
f 376/394/26 397/416/26 396/415/17 375/393/17
f 377/395/21 398/417/21 397/416/26 376/394/26
f 378/396/22 399/418/22 398/417/21 377/395/21
f 380/398/2 401/420/2 400/419/1 379/397/1
f 381/399/2 402/421/2 401/420/2 380/398/2
f 382/400/2 403/422/2 402/421/2 381/399/2
f 383/401/3 404/423/3 403/422/2 382/400/2
f 384/402/4 405/424/4 404/423/3 383/401/3
f 385/403/5 406/425/5 405/424/4 384/402/4
f 386/404/5 407/426/5 406/425/5 385/403/5
f 387/405/6 408/427/6 407/426/5 386/404/5
f 388/406/7 409/428/23 408/427/6 387/405/6
f 389/407/24 410/429/24 409/428/23 388/406/7
f 390/409/10 411/431/10 410/430/27 389/408/27
f 391/410/15 412/432/15 411/431/10 390/409/10
f 392/411/13 413/433/13 412/432/15 391/410/15
f 393/412/14 414/434/16 413/433/13 392/411/13
f 394/413/29 415/435/15 414/434/16 393/412/14
f 395/414/13 416/436/13 415/435/15 394/413/29
f 396/415/17 417/437/17 416/436/13 395/414/13
f 397/416/26 418/438/28 417/437/17 396/415/17
f 398/417/21 419/439/21 418/438/28 397/416/26
f 399/418/22 420/440/22 419/439/21 398/417/21
f 401/420/2 422/442/2 421/441/1 400/419/1
f 402/421/2 423/443/2 422/442/2 401/420/2
f 403/422/2 424/444/2 423/443/2 402/421/2
f 404/423/3 425/445/3 424/444/2 403/422/2
f 405/424/4 426/446/4 425/445/3 404/423/3
f 406/425/5 427/447/5 426/446/4 405/424/4
f 407/426/5 428/448/5 427/447/5 406/425/5
f 408/427/6 429/449/6 428/448/5 407/426/5
f 409/428/23 430/450/30 429/449/6 408/427/6
f 410/429/24 431/451/24 430/450/30 409/428/23
f 411/431/10 432/453/10 431/452/27 410/430/27
f 412/432/15 433/454/15 432/453/10 411/431/10
f 413/433/13 434/455/13 433/454/15 412/432/15
f 414/434/16 435/456/16 434/455/13 413/433/13
f 415/435/15 436/457/15 435/456/16 414/434/16
f 416/436/13 437/458/13 436/457/15 415/435/15
f 417/437/17 438/459/17 437/458/13 416/436/13
f 418/438/28 439/460/31 438/459/17 417/437/17
f 419/439/21 440/461/21 439/460/31 418/438/28
f 420/440/22 441/462/22 440/461/21 419/439/21

v -293.76657104492188 4.06810855865479 -54.01981353759766
v -293.76657104492188 4.10564422607422 -46.04622268676758
v -293.76657104492188 4.14317989349365 -38.0726318359375
v -293.76657104492188 4.18071508407593 -30.09904098510742
v -293.76657104492188 4.21825075149536 -22.12545013427734
v -293.76657104492188 4.25578641891479 -14.15185928344727
v -293.76657104492188 4.29332208633423 -6.17826843261719
v -293.76657104492188 4.33085775375366 1.79532265663147
v -293.76657104492188 4.3683934211731 9.76891326904297
v -293.76657104492188 4.40592861175537 17.74250411987305
v -293.76657104492188 4.51008081436157 25.43926429748535
v -293.76657104492188 8.08501243591309 18.33125495910645
v -293.76657104492188 10.27724075317383 10.66485404968262
v -293.76657104492188 12.46946907043457 2.99845361709595
v -293.76657104492188 14.66169738769531 -4.66794681549072
v -293.76657104492188 16.85392570495605 -12.33434772491455
v -293.76657104492188 19.0461540222168 -20.00074768066406
v -293.76657104492188 21.23838233947754 -27.66714859008789
v -293.76657104492188 23.37446784973145 -35.36552047729492
v -293.76657104492188 27.00277709960938 -42.46586608886719
v -293.76657104492188 30.6310863494873 -49.56621551513672
v -274.20120239257812 4.06810855865479 -54.01981353759766
v -274.20120239257812 4.10564422607422 -46.04622268676758
v -274.20120239257812 4.14317989349365 -38.0726318359375
v -274.20120239257812 4.18071508407593 -30.09904098510742
v -274.20120239257812 4.21825075149536 -22.12545013427734
v -274.20120239257812 4.25578641891479 -14.15185928344727
v -274.20120239257812 4.29332208633423 -6.17826843261719
v -274.20120239257812 4.33085775375366 1.79532265663147
v -274.20120239257812 4.3683934211731 9.76891326904297
v -274.20120239257812 4.40592861175537 17.74250411987305
v -274.20120239257812 4.51008081436157 25.43926429748535
v -274.20120239257812 8.08501243591309 18.33125495910645
v -274.20120239257812 10.27724075317383 10.66485404968262
v -274.20120239257812 12.46946907043457 2.99845361709595
v -274.20120239257812 14.66169738769531 -4.66794681549072
v -274.20120239257812 16.85392570495605 -12.33434772491455
v -274.20120239257812 19.0461540222168 -20.00074768066406
v -274.20120239257812 21.23838233947754 -27.66714859008789
v -274.20120239257812 23.37446784973145 -35.36552047729492
v -274.20120239257812 27.00277709960938 -42.46586608886719
v -274.20120239257812 30.6310863494873 -49.56621551513672
v -254.63581848144531 4.06810855865479 -54.01981353759766
v -254.63581848144531 4.10564422607422 -46.04622268676758
v -254.63581848144531 4.14317989349365 -38.0726318359375
v -254.63581848144531 4.18071508407593 -30.09904098510742
v -254.63581848144531 4.21825075149536 -22.12545013427734
v -254.63581848144531 4.25578641891479 -14.15185928344727
v -254.63581848144531 4.29332208633423 -6.17826843261719
v -254.63581848144531 4.33085775375366 1.79532265663147
v -254.63581848144531 4.3683934211731 9.76891326904297
v -254.63581848144531 4.40592861175537 17.74250411987305
v -254.63581848144531 4.51008081436157 25.43926429748535
v -254.63581848144531 8.08501243591309 18.33125495910645
v -254.63581848144531 10.27724075317383 10.66485404968262
v -254.63581848144531 12.46946907043457 2.99845361709595
v -254.63581848144531 14.66169738769531 -4.66794681549072
v -254.63581848144531 16.85392570495605 -12.33434772491455
v -254.63581848144531 19.0461540222168 -20.00074768066406
v -254.63581848144531 21.23838233947754 -27.66714859008789
v -254.63581848144531 23.37446784973145 -35.36552047729492
v -254.63581848144531 27.00277709960938 -42.46586608886719
v -254.63581848144531 30.6310863494873 -49.56621551513672
v -235.07044982910156 4.06810855865479 -54.01981353759766
v -235.07044982910156 4.10564422607422 -46.04622268676758
v -235.07044982910156 4.14317989349365 -38.0726318359375
v -235.07044982910156 4.18071508407593 -30.09904098510742
v -235.07044982910156 4.21825075149536 -22.12545013427734
v -235.07044982910156 4.25578641891479 -14.15185928344727
v -235.07044982910156 4.29332208633423 -6.17826843261719
v -235.07044982910156 4.33085775375366 1.79532265663147
v -235.07044982910156 4.3683934211731 9.76891326904297
v -235.07044982910156 4.40592861175537 17.74250411987305
v -235.07044982910156 4.51008081436157 25.43926429748535
v -235.07044982910156 8.08501243591309 18.33125495910645
v -235.07044982910156 10.27724075317383 10.66485404968262
v -235.07044982910156 12.46946907043457 2.99845361709595
v -235.07044982910156 14.66169738769531 -4.66794681549072
v -235.07044982910156 16.85392570495605 -12.33434772491455
v -235.07044982910156 19.0461540222168 -20.00074768066406
v -235.07044982910156 21.23838233947754 -27.66714859008789
v -235.07044982910156 23.37446784973145 -35.36552047729492
v -235.07044982910156 27.00277709960938 -42.46586608886719
v -235.07044982910156 30.6310863494873 -49.56621551513672
v -215.50506591796875 4.06810855865479 -54.01981353759766
v -215.50506591796875 4.10564422607422 -46.04622268676758
v -215.50506591796875 4.14317989349365 -38.0726318359375
v -215.50506591796875 4.18071508407593 -30.09904098510742
v -215.50506591796875 4.21825075149536 -22.12545013427734
v -215.50506591796875 4.25578641891479 -14.15185928344727
v -215.50506591796875 4.29332208633423 -6.17826843261719
v -215.50506591796875 4.33085775375366 1.79532265663147
v -215.50506591796875 4.3683934211731 9.76891326904297
v -215.50506591796875 4.40592861175537 17.74250411987305
v -215.50506591796875 4.51008081436157 25.43926429748535
v -215.50506591796875 8.08501243591309 18.33125495910645
v -215.50506591796875 10.27724075317383 10.66485404968262
v -215.50506591796875 12.46946907043457 2.99845361709595
v -215.50506591796875 14.66169738769531 -4.66794681549072
v -215.50506591796875 16.85392570495605 -12.33434772491455
v -215.50506591796875 19.0461540222168 -20.00074768066406
v -215.50506591796875 21.23838233947754 -27.66714859008789
v -215.50506591796875 23.37446784973145 -35.36552047729492
v -215.50506591796875 27.00277709960938 -42.46586608886719
v -215.50506591796875 30.6310863494873 -49.56621551513672
v -195.939697265625 4.06810855865479 -54.01981353759766
v -195.939697265625 4.10564422607422 -46.04622268676758
v -195.939697265625 4.14317989349365 -38.0726318359375
v -195.939697265625 4.18071508407593 -30.09904098510742
v -195.939697265625 4.21825075149536 -22.12545013427734
v -195.939697265625 4.25578641891479 -14.15185928344727
v -195.939697265625 4.29332208633423 -6.17826843261719
v -195.939697265625 4.33085775375366 1.79532265663147
v -195.939697265625 4.3683934211731 9.76891326904297
v -195.939697265625 4.40592861175537 17.74250411987305
v -195.939697265625 4.51008081436157 25.43926429748535
v -195.939697265625 8.08501243591309 18.33125495910645
v -195.939697265625 10.27724075317383 10.66485404968262
v -195.939697265625 12.46946907043457 2.99845361709595
v -195.939697265625 14.66169738769531 -4.66794681549072
v -195.939697265625 16.85392570495605 -12.33434772491455
v -195.939697265625 19.0461540222168 -20.00074768066406
v -195.939697265625 21.23838233947754 -27.66714859008789
v -195.939697265625 23.37446784973145 -35.36552047729492
v -195.939697265625 27.00277709960938 -42.46586608886719
v -195.939697265625 30.6310863494873 -49.56621551513672
v -176.37432861328125 4.06810855865479 -54.01981353759766
v -176.37432861328125 4.10564422607422 -46.04622268676758
v -176.37432861328125 4.14317989349365 -38.0726318359375
v -176.37432861328125 4.18071508407593 -30.09904098510742
v -176.37432861328125 4.21825075149536 -22.12545013427734
v -176.37432861328125 4.25578641891479 -14.15185928344727
v -176.37432861328125 4.29332208633423 -6.17826843261719
v -176.37432861328125 4.33085775375366 1.79532265663147
v -176.37432861328125 4.3683934211731 9.76891326904297
v -176.37432861328125 4.40592861175537 17.74250411987305
v -176.37432861328125 4.51008081436157 25.43926429748535
v -176.37432861328125 8.08501243591309 18.33125495910645
v -176.37432861328125 10.27724075317383 10.66485404968262
v -176.37432861328125 12.46946907043457 2.99845361709595
v -176.37432861328125 14.66169738769531 -4.66794681549072
v -176.37432861328125 16.85392570495605 -12.33434772491455
v -176.37432861328125 19.0461540222168 -20.00074768066406
v -176.37432861328125 21.23838233947754 -27.66714859008789
v -176.37432861328125 23.37446784973145 -35.36552047729492
v -176.37432861328125 27.00277709960938 -42.46586608886719
v -176.37432861328125 30.6310863494873 -49.56621551513672
v -156.80894470214844 4.06810855865479 -54.01981353759766
v -156.80894470214844 4.10564422607422 -46.04622268676758
v -156.80894470214844 4.14317989349365 -38.0726318359375
v -156.80894470214844 4.18071508407593 -30.09904098510742
v -156.80894470214844 4.21825075149536 -22.12545013427734
v -156.80894470214844 4.25578641891479 -14.15185928344727
v -156.80894470214844 4.29332208633423 -6.17826843261719
v -156.80894470214844 4.33085775375366 1.79532265663147
v -156.80894470214844 4.3683934211731 9.76891326904297
v -156.80894470214844 4.40592861175537 17.74250411987305
v -156.80894470214844 4.51008081436157 25.43926429748535
v -156.80894470214844 8.08501243591309 18.33125495910645
v -156.80894470214844 10.27724075317383 10.66485404968262
v -156.80894470214844 12.46946907043457 2.99845361709595
v -156.80894470214844 14.66169738769531 -4.66794681549072
v -156.80894470214844 16.85392570495605 -12.33434772491455
v -156.80894470214844 19.0461540222168 -20.00074768066406
v -156.80894470214844 21.23838233947754 -27.66714859008789
v -156.80894470214844 23.37446784973145 -35.36552047729492
v -156.80894470214844 27.00277709960938 -42.46586608886719
v -156.80894470214844 30.6310863494873 -49.56621551513672
v -137.24357604980469 4.06810855865479 -54.01981353759766
v -137.24357604980469 4.10564422607422 -46.04622268676758
v -137.24357604980469 4.14317989349365 -38.0726318359375
v -137.24357604980469 4.18071508407593 -30.09904098510742
v -137.24357604980469 4.21825075149536 -22.12545013427734
v -137.24357604980469 4.25578641891479 -14.15185928344727
v -137.24357604980469 4.29332208633423 -6.17826843261719
v -137.24357604980469 4.33085775375366 1.79532265663147
v -137.24357604980469 4.3683934211731 9.76891326904297
v -137.24357604980469 4.40592861175537 17.74250411987305
v -137.24357604980469 4.51008081436157 25.43926429748535
v -137.24357604980469 8.08501243591309 18.33125495910645
v -137.24357604980469 10.27724075317383 10.66485404968262
v -137.24357604980469 12.46946907043457 2.99845361709595
v -137.24357604980469 14.66169738769531 -4.66794681549072
v -137.24357604980469 16.85392570495605 -12.33434772491455
v -137.24357604980469 19.0461540222168 -20.00074768066406
v -137.24357604980469 21.23838233947754 -27.66714859008789
v -137.24357604980469 23.37446784973145 -35.36552047729492
v -137.24357604980469 27.00277709960938 -42.46586608886719
v -137.24357604980469 30.6310863494873 -49.56621551513672
v -117.67819976806641 4.06810855865479 -54.01981353759766
v -117.67819976806641 4.10564422607422 -46.04622268676758
v -117.67819976806641 4.14317989349365 -38.0726318359375
v -117.67819976806641 4.18071508407593 -30.09904098510742
v -117.67819976806641 4.21825075149536 -22.12545013427734
v -117.67819976806641 4.25578641891479 -14.15185928344727
v -117.67819976806641 4.29332208633423 -6.17826843261719
v -117.67819976806641 4.33085775375366 1.79532265663147
v -117.67819976806641 4.3683934211731 9.76891326904297
v -117.67819976806641 4.40592861175537 17.74250411987305
v -117.67819976806641 4.51008081436157 25.43926429748535
v -117.67819976806641 8.08501243591309 18.33125495910645
v -117.67819976806641 10.27724075317383 10.66485404968262
v -117.67819976806641 12.46946907043457 2.99845361709595
v -117.67819976806641 14.66169738769531 -4.66794681549072
v -117.67819976806641 16.85392570495605 -12.33434772491455
v -117.67819976806641 19.0461540222168 -20.00074768066406
v -117.67819976806641 21.23838233947754 -27.66714859008789
v -117.67819976806641 23.37446784973145 -35.36552047729492
v -117.67819976806641 27.00277709960938 -42.46586608886719
v -117.67819976806641 30.6310863494873 -49.56621551513672
v -98.11283111572266 4.06810855865479 -54.01981353759766
v -98.11283111572266 4.10564422607422 -46.04622268676758
v -98.11283111572266 4.14317989349365 -38.0726318359375
v -98.11283111572266 4.18071508407593 -30.09904098510742
v -98.11283111572266 4.21825075149536 -22.12545013427734
v -98.11283111572266 4.25578641891479 -14.15185928344727
v -98.11283111572266 4.29332208633423 -6.17826843261719
v -98.11283111572266 4.33085775375366 1.79532265663147
v -98.11283111572266 4.3683934211731 9.76891326904297
v -98.11283111572266 4.40592861175537 17.74250411987305
v -98.11283111572266 4.51008081436157 25.43926429748535
v -98.11283111572266 8.08501243591309 18.33125495910645
v -98.11283111572266 10.27724075317383 10.66485404968262
v -98.11283111572266 12.46946907043457 2.99845361709595
v -98.11283111572266 14.66169738769531 -4.66794681549072
v -98.11283111572266 16.85392570495605 -12.33434772491455
v -98.11283111572266 19.0461540222168 -20.00074768066406
v -98.11283111572266 21.23838233947754 -27.66714859008789
v -98.11283111572266 23.37446784973145 -35.36552047729492
v -98.11283111572266 27.00277709960938 -42.46586608886719
v -98.11283111572266 30.6310863494873 -49.56621551513672
v -78.54745483398438 4.06810855865479 -54.01981353759766
v -78.54745483398438 4.10564422607422 -46.04622268676758
v -78.54745483398438 4.14317989349365 -38.0726318359375
v -78.54745483398438 4.18071508407593 -30.09904098510742
v -78.54745483398438 4.21825075149536 -22.12545013427734
v -78.54745483398438 4.25578641891479 -14.15185928344727
v -78.54745483398438 4.29332208633423 -6.17826843261719
v -78.54745483398438 4.33085775375366 1.79532265663147
v -78.54745483398438 4.3683934211731 9.76891326904297
v -78.54745483398438 4.40592861175537 17.74250411987305
v -78.54745483398438 4.51008081436157 25.43926429748535
v -78.54745483398438 8.08501243591309 18.33125495910645
v -78.54745483398438 10.27724075317383 10.66485404968262
v -78.54745483398438 12.46946907043457 2.99845361709595
v -78.54745483398438 14.66169738769531 -4.66794681549072
v -78.54745483398438 16.85392570495605 -12.33434772491455
v -78.54745483398438 19.0461540222168 -20.00074768066406
v -78.54745483398438 21.23838233947754 -27.66714859008789
v -78.54745483398438 23.37446784973145 -35.36552047729492
v -78.54745483398438 27.00277709960938 -42.46586608886719
v -78.54745483398438 30.6310863494873 -49.56621551513672
v -58.98208236694336 4.06810855865479 -54.01981353759766
v -58.98208236694336 4.10564422607422 -46.04622268676758
v -58.98208236694336 4.14317989349365 -38.0726318359375
v -58.98208236694336 4.18071508407593 -30.09904098510742
v -58.98208236694336 4.21825075149536 -22.12545013427734
v -58.98208236694336 4.25578641891479 -14.15185928344727
v -58.98208236694336 4.29332208633423 -6.17826843261719
v -58.98208236694336 4.33085775375366 1.79532265663147
v -58.98208236694336 4.3683934211731 9.76891326904297
v -58.98208236694336 4.40592861175537 17.74250411987305
v -58.98208236694336 4.51008081436157 25.43926429748535
v -58.98208236694336 8.08501243591309 18.33125495910645
v -58.98208236694336 10.27724075317383 10.66485404968262
v -58.98208236694336 12.46946907043457 2.99845361709595
v -58.98208236694336 14.66169738769531 -4.66794681549072
v -58.98208236694336 16.85392570495605 -12.33434772491455
v -58.98208236694336 19.0461540222168 -20.00074768066406
v -58.98208236694336 21.23838233947754 -27.66714859008789
v -58.98208236694336 23.37446784973145 -35.36552047729492
v -58.98208236694336 27.00277709960938 -42.46586608886719
v -58.98208236694336 30.6310863494873 -49.56621551513672
v -39.41670608520508 4.06810855865479 -54.01981353759766
v -39.41670608520508 4.10564422607422 -46.04622268676758
v -39.41670608520508 4.14317989349365 -38.0726318359375
v -39.41670608520508 4.18071508407593 -30.09904098510742
v -39.41670608520508 4.21825075149536 -22.12545013427734
v -39.41670608520508 4.25578641891479 -14.15185928344727
v -39.41670608520508 4.29332208633423 -6.17826843261719
v -39.41670608520508 4.33085775375366 1.79532265663147
v -39.41670608520508 4.3683934211731 9.76891326904297
v -39.41670608520508 4.40592861175537 17.74250411987305
v -39.41670608520508 4.51008081436157 25.43926429748535
v -39.41670608520508 8.08501243591309 18.33125495910645
v -39.41670608520508 10.27724075317383 10.66485404968262
v -39.41670608520508 12.46946907043457 2.99845361709595
v -39.41670608520508 14.66169738769531 -4.66794681549072
v -39.41670608520508 16.85392570495605 -12.33434772491455
v -39.41670608520508 19.0461540222168 -20.00074768066406
v -39.41670608520508 21.23838233947754 -27.66714859008789
v -39.41670608520508 23.37446784973145 -35.36552047729492
v -39.41670608520508 27.00277709960938 -42.46586608886719
v -39.41670608520508 30.6310863494873 -49.56621551513672
v -19.85133361816406 4.06810855865479 -54.01981353759766
v -19.85133361816406 4.10564422607422 -46.04622268676758
v -19.85133361816406 4.14317989349365 -38.0726318359375
v -19.85133361816406 4.18071508407593 -30.09904098510742
v -19.85133361816406 4.21825075149536 -22.12545013427734
v -19.85133361816406 4.25578641891479 -14.15185928344727
v -19.85133361816406 4.29332208633423 -6.17826843261719
v -19.85133361816406 4.33085775375366 1.79532265663147
v -19.85133361816406 4.3683934211731 9.76891326904297
v -19.85133361816406 4.40592861175537 17.74250411987305
v -19.85133361816406 4.51008081436157 25.43926429748535
v -19.85133361816406 8.08501243591309 18.33125495910645
v -19.85133361816406 10.27724075317383 10.66485404968262
v -19.85133361816406 12.46946907043457 2.99845361709595
v -19.85133361816406 14.66169738769531 -4.66794681549072
v -19.85133361816406 16.85392570495605 -12.33434772491455
v -19.85133361816406 19.0461540222168 -20.00074768066406
v -19.85133361816406 21.23838233947754 -27.66714859008789
v -19.85133361816406 23.37446784973145 -35.36552047729492
v -19.85133361816406 27.00277709960938 -42.46586608886719
v -19.85133361816406 30.6310863494873 -49.56621551513672
v -0.28595912456512 4.06810855865479 -54.01981353759766
v -0.28595912456512 4.10564422607422 -46.04622268676758
v -0.28595912456512 4.14317989349365 -38.0726318359375
v -0.28595912456512 4.18071508407593 -30.09904098510742
v -0.28595912456512 4.21825075149536 -22.12545013427734
v -0.28595912456512 4.25578641891479 -14.15185928344727
v -0.28595912456512 4.29332208633423 -6.17826843261719
v -0.28595912456512 4.33085775375366 1.79532265663147
v -0.28595912456512 4.3683934211731 9.76891326904297
v -0.28595912456512 4.40592861175537 17.74250411987305
v -0.28595912456512 4.51008081436157 25.43926429748535
v -0.28595912456512 8.08501243591309 18.33125495910645
v -0.28595912456512 10.27724075317383 10.66485404968262
v -0.28595912456512 12.46946907043457 2.99845361709595
v -0.28595912456512 14.66169738769531 -4.66794681549072
v -0.28595912456512 16.85392570495605 -12.33434772491455
v -0.28595912456512 19.0461540222168 -20.00074768066406
v -0.28595912456512 21.23838233947754 -27.66714859008789
v -0.28595912456512 23.37446784973145 -35.36552047729492
v -0.28595912456512 27.00277709960938 -42.46586608886719
v -0.28595912456512 30.6310863494873 -49.56621551513672
v 19.27941513061523 4.06810855865479 -54.01981353759766
v 19.27941513061523 4.10564422607422 -46.04622268676758
v 19.27941513061523 4.14317989349365 -38.0726318359375
v 19.27941513061523 4.18071508407593 -30.09904098510742
v 19.27941513061523 4.21825075149536 -22.12545013427734
v 19.27941513061523 4.25578641891479 -14.15185928344727
v 19.27941513061523 4.29332208633423 -6.17826843261719
v 19.27941513061523 4.33085775375366 1.79532265663147
v 19.27941513061523 4.3683934211731 9.76891326904297
v 19.27941513061523 4.40592861175537 17.74250411987305
v 19.27941513061523 4.51008081436157 25.43926429748535
v 19.27941513061523 8.08501243591309 18.33125495910645
v 19.27941513061523 10.27724075317383 10.66485404968262
v 19.27941513061523 12.46946907043457 2.99845361709595
v 19.27941513061523 14.66169738769531 -4.66794681549072
v 19.27941513061523 16.85392570495605 -12.33434772491455
v 19.27941513061523 19.0461540222168 -20.00074768066406
v 19.27941513061523 21.23838233947754 -27.66714859008789
v 19.27941513061523 23.37446784973145 -35.36552047729492
v 19.27941513061523 27.00277709960938 -42.46586608886719
v 19.27941513061523 30.6310863494873 -49.56621551513672
v 38.84478759765625 4.06810855865479 -54.01981353759766
v 38.84478759765625 4.10564422607422 -46.04622268676758
v 38.84478759765625 4.14317989349365 -38.0726318359375
v 38.84478759765625 4.18071508407593 -30.09904098510742
v 38.84478759765625 4.21825075149536 -22.12545013427734
v 38.84478759765625 4.25578641891479 -14.15185928344727
v 38.84478759765625 4.29332208633423 -6.17826843261719
v 38.84478759765625 4.33085775375366 1.79532265663147
v 38.84478759765625 4.3683934211731 9.76891326904297
v 38.84478759765625 4.40592861175537 17.74250411987305
v 38.84478759765625 4.51008081436157 25.43926429748535
v 38.84478759765625 8.08501243591309 18.33125495910645
v 38.84478759765625 10.27724075317383 10.66485404968262
v 38.84478759765625 12.46946907043457 2.99845361709595
v 38.84478759765625 14.66169738769531 -4.66794681549072
v 38.84478759765625 16.85392570495605 -12.33434772491455
v 38.84478759765625 19.0461540222168 -20.00074768066406
v 38.84478759765625 21.23838233947754 -27.66714859008789
v 38.84478759765625 23.37446784973145 -35.36552047729492
v 38.84478759765625 27.00277709960938 -42.46586608886719
v 38.84478759765625 30.6310863494873 -49.56621551513672
v 58.41016387939453 4.06810855865479 -54.01981353759766
v 58.41016387939453 4.10564422607422 -46.04622268676758
v 58.41016387939453 4.14317989349365 -38.0726318359375
v 58.41016387939453 4.18071508407593 -30.09904098510742
v 58.41016387939453 4.21825075149536 -22.12545013427734
v 58.41016387939453 4.25578641891479 -14.15185928344727
v 58.41016387939453 4.29332208633423 -6.17826843261719
v 58.41016387939453 4.33085775375366 1.79532265663147
v 58.41016387939453 4.3683934211731 9.76891326904297
v 58.41016387939453 4.40592861175537 17.74250411987305
v 58.41016387939453 4.51008081436157 25.43926429748535
v 58.41016387939453 8.08501243591309 18.33125495910645
v 58.41016387939453 10.27724075317383 10.66485404968262
v 58.41016387939453 12.46946907043457 2.99845361709595
v 58.41016387939453 14.66169738769531 -4.66794681549072
v 58.41016387939453 16.85392570495605 -12.33434772491455
v 58.41016387939453 19.0461540222168 -20.00074768066406
v 58.41016387939453 21.23838233947754 -27.66714859008789
v 58.41016387939453 23.37446784973145 -35.36552047729492
v 58.41016387939453 27.00277709960938 -42.46586608886719
v 58.41016387939453 30.6310863494873 -49.56621551513672
v 77.97554016113281 4.06810855865479 -54.01981353759766
v 77.97554016113281 4.10564422607422 -46.04622268676758
v 77.97554016113281 4.14317989349365 -38.0726318359375
v 77.97554016113281 4.18071508407593 -30.09904098510742
v 77.97554016113281 4.21825075149536 -22.12545013427734
v 77.97554016113281 4.25578641891479 -14.15185928344727
v 77.97554016113281 4.29332208633423 -6.17826843261719
v 77.97554016113281 4.33085775375366 1.79532265663147
v 77.97554016113281 4.3683934211731 9.76891326904297
v 77.97554016113281 4.40592861175537 17.74250411987305
v 77.97554016113281 4.51008081436157 25.43926429748535
v 77.97554016113281 8.08501243591309 18.33125495910645
v 77.97554016113281 10.27724075317383 10.66485404968262
v 77.97554016113281 12.46946907043457 2.99845361709595
v 77.97554016113281 14.66169738769531 -4.66794681549072
v 77.97554016113281 16.85392570495605 -12.33434772491455
v 77.97554016113281 19.0461540222168 -20.00074768066406
v 77.97554016113281 21.23838233947754 -27.66714859008789
v 77.97554016113281 23.37446784973145 -35.36552047729492
v 77.97554016113281 27.00277709960938 -42.46586608886719
v 77.97554016113281 30.6310863494873 -49.56621551513672
v 97.54090881347656 4.06810855865479 -54.01981353759766
v 97.54090881347656 4.10564422607422 -46.04622268676758
v 97.54090881347656 4.14317989349365 -38.0726318359375
v 97.54090881347656 4.18071508407593 -30.09904098510742
v 97.54090881347656 4.21825075149536 -22.12545013427734
v 97.54090881347656 4.25578641891479 -14.15185928344727
v 97.54090881347656 4.29332208633423 -6.17826843261719
v 97.54090881347656 4.33085775375366 1.79532265663147
v 97.54090881347656 4.3683934211731 9.76891326904297
v 97.54090881347656 4.40592861175537 17.74250411987305
v 97.54090881347656 4.51008081436157 25.43926429748535
v 97.54090881347656 8.08501243591309 18.33125495910645
v 97.54090881347656 10.27724075317383 10.66485404968262
v 97.54090881347656 12.46946907043457 2.99845361709595
v 97.54090881347656 14.66169738769531 -4.66794681549072
v 97.54090881347656 16.85392570495605 -12.33434772491455
v 97.54090881347656 19.0461540222168 -20.00074768066406
v 97.54090881347656 21.23838233947754 -27.66714859008789
v 97.54090881347656 23.37446784973145 -35.36552047729492
v 97.54090881347656 27.00277709960938 -42.46586608886719
v 97.54090881347656 30.6310863494873 -49.56621551513672
# 441 vertices

vn 0 0.99998891353607 -0.00470744632185
vn 0 0.99998891353607 -0.00470741605386
vn 0 0.99998891353607 -0.00470741651952
vn 0 0.99995839595795 -0.00911913998425
vn 0 0.99995839595795 -0.00911913905293
vn 0 0.99990844726562 -0.01353071536869
vn 0 -0.89337259531021 -0.44931653141975
vn 0 -0.89337265491486 -0.44931653141975
vn 0 -0.93150764703751 -0.36372166872025
vn 0 -0.93150764703751 -0.36372169852257
vn 0 -0.96146333217621 -0.2749330997467
vn 0 -0.96253597736359 -0.27115395665169
vn 0 -0.93177008628845 -0.36304885149002
vn 0 -0.9317701458931 -0.3630488216877
vn 0 -0.89047318696976 -0.45503571629524
vn 0 -0.8904732465744 -0.45503562688828
vn 0 0.99998891353607 -0.00470744585618
vn 0 0.99990844726562 -0.01353071443737
vn 0 -0.89047318696976 -0.45503574609756
vn 0 -0.8904732465744 -0.4550356566906
vn 0 0.99990844726562 -0.01353071443737
vn 0 -0.93177008628845 -0.36304885149002
vn 0 -0.89047318696976 -0.45503577589989
vn 0 -0.89047318696976 -0.4550356566906
vn 0 0.99995839595795 -0.00911914091557
vn 0 0.99990844726562 -0.01353071630001
vn 0 -0.96146333217621 -0.27493312954903
vn 0 -0.96253597736359 -0.27115398645401
vn 0 -0.89047318696976 -0.4550356566906
vn 0 0.99990844726562 -0.01353071350604
vn 0 -0.89047312736511 -0.45503577589989
# 31 normals

# 0 texture coordinate

o Feuille
usemtl Feuille
f 443/4/32 464/3/32 463/2/32 442/1/32
f 444/6/33 465/5/33 464/3/32 443/4/32
f 445/8/33 466/7/34 465/5/33 444/6/33
f 446/10/32 467/9/32 466/7/34 445/8/33
f 447/12/32 468/11/32 467/9/32 446/10/32
f 448/14/32 469/13/32 468/11/32 447/12/32
f 449/16/32 470/15/32 469/13/32 448/14/32
f 450/18/33 471/17/33 470/15/32 449/16/32
f 451/20/36 472/19/35 471/17/33 450/18/33
f 452/22/37 473/21/37 472/19/35 451/20/36
f 453/26/41 474/25/40 473/24/39 452/23/38
f 454/28/42 475/27/42 474/25/40 453/26/41
f 455/30/42 476/29/42 475/27/42 454/28/42
f 456/32/42 477/31/42 476/29/42 455/30/42
f 457/34/42 478/33/42 477/31/42 456/32/42
f 458/36/42 479/35/42 478/33/42 457/34/42
f 459/38/43 480/37/43 479/35/42 458/36/42
f 460/40/45 481/39/44 480/37/43 459/38/43
f 461/42/46 482/41/46 481/39/44 460/40/45
f 462/44/47 483/43/47 482/41/46 461/42/46
f 464/3/32 485/46/32 484/45/32 463/2/32
f 465/5/33 486/47/33 485/46/32 464/3/32
f 466/7/34 487/48/34 486/47/33 465/5/33
f 467/9/32 488/49/32 487/48/34 466/7/34
f 468/11/32 489/50/32 488/49/32 467/9/32
f 469/13/32 490/51/32 489/50/32 468/11/32
f 470/15/32 491/52/32 490/51/32 469/13/32
f 471/17/33 492/53/33 491/52/32 470/15/32
f 472/19/35 493/54/36 492/53/33 471/17/33
f 473/21/37 494/55/37 493/54/36 472/19/35
f 474/25/40 495/57/40 494/56/39 473/24/39
f 475/27/42 496/58/42 495/57/40 474/25/40
f 476/29/42 497/59/42 496/58/42 475/27/42
f 477/31/42 498/60/42 497/59/42 476/29/42
f 478/33/42 499/61/42 498/60/42 477/31/42
f 479/35/42 500/62/42 499/61/42 478/33/42
f 480/37/43 501/63/43 500/62/42 479/35/42
f 481/39/44 502/64/44 501/63/43 480/37/43
f 482/41/46 503/65/46 502/64/44 481/39/44
f 483/43/47 504/66/47 503/65/46 482/41/46
f 485/46/32 506/68/32 505/67/32 484/45/32
f 486/47/33 507/69/33 506/68/32 485/46/32
f 487/48/34 508/70/34 507/69/33 486/47/33
f 488/49/32 509/71/32 508/70/34 487/48/34
f 489/50/32 510/72/32 509/71/32 488/49/32
f 490/51/32 511/73/32 510/72/32 489/50/32
f 491/52/32 512/74/32 511/73/32 490/51/32
f 492/53/33 513/75/33 512/74/32 491/52/32
f 493/54/36 514/76/35 513/75/33 492/53/33
f 494/55/37 515/77/37 514/76/35 493/54/36
f 495/57/40 516/79/40 515/78/39 494/56/39
f 496/58/42 517/80/42 516/79/40 495/57/40
f 497/59/42 518/81/42 517/80/42 496/58/42
f 498/60/42 519/82/42 518/81/42 497/59/42
f 499/61/42 520/83/42 519/82/42 498/60/42
f 500/62/42 521/84/42 520/83/42 499/61/42
f 501/63/43 522/85/43 521/84/42 500/62/42
f 502/64/44 523/86/44 522/85/43 501/63/43
f 503/65/46 524/87/46 523/86/44 502/64/44
f 504/66/47 525/88/47 524/87/46 503/65/46
f 506/68/32 527/90/32 526/89/32 505/67/32
f 507/69/33 528/91/33 527/90/32 506/68/32
f 508/70/34 529/92/34 528/91/33 507/69/33
f 509/71/32 530/93/32 529/92/34 508/70/34
f 510/72/32 531/94/32 530/93/32 509/71/32
f 511/73/32 532/95/32 531/94/32 510/72/32
f 512/74/32 533/96/32 532/95/32 511/73/32
f 513/75/33 534/97/33 533/96/32 512/74/32
f 514/76/35 535/98/36 534/97/33 513/75/33
f 515/77/37 536/99/37 535/98/36 514/76/35
f 516/79/40 537/101/40 536/100/39 515/78/39
f 517/80/42 538/102/42 537/101/40 516/79/40
f 518/81/42 539/103/42 538/102/42 517/80/42
f 519/82/42 540/104/42 539/103/42 518/81/42
f 520/83/42 541/105/42 540/104/42 519/82/42
f 521/84/42 542/106/42 541/105/42 520/83/42
f 522/85/43 543/107/43 542/106/42 521/84/42
f 523/86/44 544/108/44 543/107/43 522/85/43
f 524/87/46 545/109/46 544/108/44 523/86/44
f 525/88/47 546/110/47 545/109/46 524/87/46
f 527/90/32 548/112/32 547/111/32 526/89/32
f 528/91/33 549/113/33 548/112/32 527/90/32
f 529/92/34 550/114/33 549/113/33 528/91/33
f 530/93/32 551/115/32 550/114/33 529/92/34
f 531/94/32 552/116/32 551/115/32 530/93/32
f 532/95/32 553/117/32 552/116/32 531/94/32
f 533/96/32 554/118/32 553/117/32 532/95/32
f 534/97/33 555/119/33 554/118/32 533/96/32
f 535/98/36 556/120/36 555/119/33 534/97/33
f 536/99/37 557/121/37 556/120/36 535/98/36
f 537/101/40 558/123/41 557/122/38 536/100/39
f 538/102/42 559/124/42 558/123/41 537/101/40
f 539/103/42 560/125/42 559/124/42 538/102/42
f 540/104/42 561/126/42 560/125/42 539/103/42
f 541/105/42 562/127/42 561/126/42 540/104/42
f 542/106/42 563/128/42 562/127/42 541/105/42
f 543/107/43 564/129/43 563/128/42 542/106/42
f 544/108/44 565/130/44 564/129/43 543/107/43
f 545/109/46 566/131/46 565/130/44 544/108/44
f 546/110/47 567/132/47 566/131/46 545/109/46
f 548/112/32 569/134/32 568/133/32 547/111/32
f 549/113/33 570/135/33 569/134/32 548/112/32
f 550/114/33 571/136/34 570/135/33 549/113/33
f 551/115/32 572/137/32 571/136/34 550/114/33
f 552/116/32 573/138/32 572/137/32 551/115/32
f 553/117/32 574/139/32 573/138/32 552/116/32
f 554/118/32 575/140/32 574/139/32 553/117/32
f 555/119/33 576/141/33 575/140/32 554/118/32
f 556/120/36 577/142/35 576/141/33 555/119/33
f 557/121/37 578/143/37 577/142/35 556/120/36
f 558/123/41 579/145/40 578/144/39 557/122/38
f 559/124/42 580/146/42 579/145/40 558/123/41
f 560/125/42 581/147/42 580/146/42 559/124/42
f 561/126/42 582/148/42 581/147/42 560/125/42
f 562/127/42 583/149/42 582/148/42 561/126/42
f 563/128/42 584/150/42 583/149/42 562/127/42
f 564/129/43 585/151/43 584/150/42 563/128/42
f 565/130/44 586/152/44 585/151/43 564/129/43
f 566/131/46 587/153/46 586/152/44 565/130/44
f 567/132/47 588/154/47 587/153/46 566/131/46
f 569/134/32 590/156/32 589/155/32 568/133/32
f 570/135/33 591/157/33 590/156/32 569/134/32
f 571/136/34 592/158/34 591/157/33 570/135/33
f 572/137/32 593/159/32 592/158/34 571/136/34
f 573/138/32 594/160/32 593/159/32 572/137/32
f 574/139/32 595/161/32 594/160/32 573/138/32
f 575/140/32 596/162/32 595/161/32 574/139/32
f 576/141/33 597/163/33 596/162/32 575/140/32
f 577/142/35 598/164/36 597/163/33 576/141/33
f 578/143/37 599/165/37 598/164/36 577/142/35
f 579/145/40 600/167/40 599/166/39 578/144/39
f 580/146/42 601/168/42 600/167/40 579/145/40
f 581/147/42 602/169/42 601/168/42 580/146/42
f 582/148/42 603/170/42 602/169/42 581/147/42
f 583/149/42 604/171/42 603/170/42 582/148/42
f 584/150/42 605/172/42 604/171/42 583/149/42
f 585/151/43 606/173/43 605/172/42 584/150/42
f 586/152/44 607/174/44 606/173/43 585/151/43
f 587/153/46 608/175/46 607/174/44 586/152/44
f 588/154/47 609/176/47 608/175/46 587/153/46
f 590/156/32 611/178/48 610/177/48 589/155/32
f 591/157/33 612/179/33 611/178/48 590/156/32
f 592/158/34 613/180/33 612/179/33 591/157/33
f 593/159/32 614/181/48 613/180/33 592/158/34
f 594/160/32 615/182/48 614/181/48 593/159/32
f 595/161/32 616/183/48 615/182/48 594/160/32
f 596/162/32 617/184/48 616/183/48 595/161/32
f 597/163/33 618/185/33 617/184/48 596/162/32
f 598/164/36 619/186/36 618/185/33 597/163/33
f 599/165/37 620/187/49 619/186/36 598/164/36
f 600/167/40 621/189/41 620/188/38 599/166/39
f 601/168/42 622/190/42 621/189/41 600/167/40
f 602/169/42 623/191/42 622/190/42 601/168/42
f 603/170/42 624/192/42 623/191/42 602/169/42
f 604/171/42 625/193/42 624/192/42 603/170/42
f 605/172/42 626/194/42 625/193/42 604/171/42
f 606/173/43 627/195/43 626/194/42 605/172/42
f 607/174/44 628/196/44 627/195/43 606/173/43
f 608/175/46 629/197/50 628/196/44 607/174/44
f 609/176/47 630/198/51 629/197/50 608/175/46
f 611/178/48 632/200/48 631/199/48 610/177/48
f 612/179/33 633/201/33 632/200/48 611/178/48
f 613/180/33 634/202/33 633/201/33 612/179/33
f 614/181/48 635/203/48 634/202/33 613/180/33
f 615/182/48 636/204/48 635/203/48 614/181/48
f 616/183/48 637/205/48 636/204/48 615/182/48
f 617/184/48 638/206/48 637/205/48 616/183/48
f 618/185/33 639/207/33 638/206/48 617/184/48
f 619/186/36 640/208/36 639/207/33 618/185/33
f 620/187/49 641/209/49 640/208/36 619/186/36
f 621/189/41 642/211/41 641/210/38 620/188/38
f 622/190/42 643/212/42 642/211/41 621/189/41
f 623/191/42 644/213/42 643/212/42 622/190/42
f 624/192/42 645/214/42 644/213/42 623/191/42
f 625/193/42 646/215/42 645/214/42 624/192/42
f 626/194/42 647/216/42 646/215/42 625/193/42
f 627/195/43 648/217/43 647/216/42 626/194/42
f 628/196/44 649/218/44 648/217/43 627/195/43
f 629/197/50 650/219/50 649/218/44 628/196/44
f 630/198/51 651/220/51 650/219/50 629/197/50
f 632/200/48 653/222/48 652/221/48 631/199/48
f 633/201/33 654/223/33 653/222/48 632/200/48
f 634/202/33 655/224/33 654/223/33 633/201/33
f 635/203/48 656/225/48 655/224/33 634/202/33
f 636/204/48 657/226/48 656/225/48 635/203/48
f 637/205/48 658/227/48 657/226/48 636/204/48
f 638/206/48 659/228/48 658/227/48 637/205/48
f 639/207/33 660/229/33 659/228/48 638/206/48
f 640/208/36 661/230/36 660/229/33 639/207/33
f 641/209/49 662/231/49 661/230/36 640/208/36
f 642/211/41 663/233/41 662/232/38 641/210/38
f 643/212/42 664/234/42 663/233/41 642/211/41
f 644/213/42 665/235/42 664/234/42 643/212/42
f 645/214/42 666/236/42 665/235/42 644/213/42
f 646/215/42 667/237/42 666/236/42 645/214/42
f 647/216/42 668/238/42 667/237/42 646/215/42
f 648/217/43 669/239/43 668/238/42 647/216/42
f 649/218/44 670/240/44 669/239/43 648/217/43
f 650/219/50 671/241/50 670/240/44 649/218/44
f 651/220/51 672/242/51 671/241/50 650/219/50
f 653/222/48 674/244/48 673/243/48 652/221/48
f 654/223/33 675/245/33 674/244/48 653/222/48
f 655/224/33 676/246/33 675/245/33 654/223/33
f 656/225/48 677/247/48 676/246/33 655/224/33
f 657/226/48 678/248/48 677/247/48 656/225/48
f 658/227/48 679/249/48 678/248/48 657/226/48
f 659/228/48 680/250/48 679/249/48 658/227/48
f 660/229/33 681/251/33 680/250/48 659/228/48
f 661/230/36 682/252/36 681/251/33 660/229/33
f 662/231/49 683/253/52 682/252/36 661/230/36
f 663/233/41 684/255/41 683/254/38 662/232/38
f 664/234/42 685/256/42 684/255/41 663/233/41
f 665/235/42 686/257/42 685/256/42 664/234/42
f 666/236/42 687/258/42 686/257/42 665/235/42
f 667/237/42 688/259/42 687/258/42 666/236/42
f 668/238/42 689/260/42 688/259/42 667/237/42
f 669/239/43 690/261/43 689/260/42 668/238/42
f 670/240/44 691/262/53 690/261/43 669/239/43
f 671/241/50 692/263/54 691/262/53 670/240/44
f 672/242/51 693/264/55 692/263/54 671/241/50
f 674/244/48 695/266/48 694/265/48 673/243/48
f 675/245/33 696/267/33 695/266/48 674/244/48
f 676/246/33 697/268/33 696/267/33 675/245/33
f 677/247/48 698/269/48 697/268/33 676/246/33
f 678/248/48 699/270/48 698/269/48 677/247/48
f 679/249/48 700/271/48 699/270/48 678/248/48
f 680/250/48 701/272/48 700/271/48 679/249/48
f 681/251/33 702/273/33 701/272/48 680/250/48
f 682/252/36 703/274/36 702/273/33 681/251/33
f 683/253/52 704/275/52 703/274/36 682/252/36
f 684/255/41 705/277/41 704/276/38 683/254/38
f 685/256/42 706/278/42 705/277/41 684/255/41
f 686/257/42 707/279/42 706/278/42 685/256/42
f 687/258/42 708/280/42 707/279/42 686/257/42
f 688/259/42 709/281/42 708/280/42 687/258/42
f 689/260/42 710/282/42 709/281/42 688/259/42
f 690/261/43 711/283/43 710/282/42 689/260/42
f 691/262/53 712/284/53 711/283/43 690/261/43
f 692/263/54 713/285/50 712/284/53 691/262/53
f 693/264/55 714/286/55 713/285/50 692/263/54
f 695/266/48 716/288/48 715/287/48 694/265/48
f 696/267/33 717/289/33 716/288/48 695/266/48
f 697/268/33 718/290/33 717/289/33 696/267/33
f 698/269/48 719/291/48 718/290/33 697/268/33
f 699/270/48 720/292/48 719/291/48 698/269/48
f 700/271/48 721/293/48 720/292/48 699/270/48
f 701/272/48 722/294/48 721/293/48 700/271/48
f 702/273/33 723/295/33 722/294/48 701/272/48
f 703/274/36 724/296/36 723/295/33 702/273/33
f 704/275/52 725/297/52 724/296/36 703/274/36
f 705/277/41 726/299/41 725/298/38 704/276/38
f 706/278/42 727/300/42 726/299/41 705/277/41
f 707/279/42 728/301/42 727/300/42 706/278/42
f 708/280/42 729/302/42 728/301/42 707/279/42
f 709/281/42 730/303/42 729/302/42 708/280/42
f 710/282/42 731/304/42 730/303/42 709/281/42
f 711/283/43 732/305/43 731/304/42 710/282/42
f 712/284/53 733/306/53 732/305/43 711/283/43
f 713/285/50 734/307/54 733/306/53 712/284/53
f 714/286/55 735/308/55 734/307/54 713/285/50
f 716/288/48 737/310/32 736/309/32 715/287/48
f 717/289/33 738/311/33 737/310/32 716/288/48
f 718/290/33 739/312/34 738/311/33 717/289/33
f 719/291/48 740/313/32 739/312/34 718/290/33
f 720/292/48 741/314/32 740/313/32 719/291/48
f 721/293/48 742/315/32 741/314/32 720/292/48
f 722/294/48 743/316/32 742/315/32 721/293/48
f 723/295/33 744/317/33 743/316/32 722/294/48
f 724/296/36 745/318/56 744/317/33 723/295/33
f 725/297/52 746/319/57 745/318/56 724/296/36
f 726/299/41 747/321/41 746/320/38 725/298/38
f 727/300/42 748/322/42 747/321/41 726/299/41
f 728/301/42 749/323/42 748/322/42 727/300/42
f 729/302/42 750/324/42 749/323/42 728/301/42
f 730/303/42 751/325/42 750/324/42 729/302/42
f 731/304/42 752/326/42 751/325/42 730/303/42
f 732/305/43 753/327/43 752/326/42 731/304/42
f 733/306/53 754/328/53 753/327/43 732/305/43
f 734/307/54 755/329/50 754/328/53 733/306/53
f 735/308/55 756/330/55 755/329/50 734/307/54
f 737/310/32 758/332/32 757/331/32 736/309/32
f 738/311/33 759/333/34 758/332/32 737/310/32
f 739/312/34 760/334/34 759/333/34 738/311/33
f 740/313/32 761/335/32 760/334/34 739/312/34
f 741/314/32 762/336/32 761/335/32 740/313/32
f 742/315/32 763/337/32 762/336/32 741/314/32
f 743/316/32 764/338/32 763/337/32 742/315/32
f 744/317/33 765/339/34 764/338/32 743/316/32
f 745/318/56 766/340/35 765/339/34 744/317/33
f 746/319/57 767/341/37 766/340/35 745/318/56
f 747/321/41 768/343/41 767/342/38 746/320/38
f 748/322/42 769/344/42 768/343/41 747/321/41
f 749/323/42 770/345/58 769/344/42 748/322/42
f 750/324/42 771/346/42 770/345/58 749/323/42
f 751/325/42 772/347/42 771/346/42 750/324/42
f 752/326/42 773/348/42 772/347/42 751/325/42
f 753/327/43 774/349/59 773/348/42 752/326/42
f 754/328/53 775/350/53 774/349/59 753/327/43
f 755/329/50 776/351/50 775/350/53 754/328/53
f 756/330/55 777/352/60 776/351/50 755/329/50
f 758/332/32 779/354/32 778/353/32 757/331/32
f 759/333/34 780/355/33 779/354/32 758/332/32
f 760/334/34 781/356/34 780/355/33 759/333/34
f 761/335/32 782/357/32 781/356/34 760/334/34
f 762/336/32 783/358/32 782/357/32 761/335/32
f 763/337/32 784/359/32 783/358/32 762/336/32
f 764/338/32 785/360/32 784/359/32 763/337/32
f 765/339/34 786/361/33 785/360/32 764/338/32
f 766/340/35 787/362/56 786/361/33 765/339/34
f 767/341/37 788/363/57 787/362/56 766/340/35
f 768/343/41 789/365/41 788/364/38 767/342/38
f 769/344/42 790/366/42 789/365/41 768/343/41
f 770/345/58 791/367/42 790/366/42 769/344/42
f 771/346/42 792/368/42 791/367/42 770/345/58
f 772/347/42 793/369/42 792/368/42 771/346/42
f 773/348/42 794/370/42 793/369/42 772/347/42
f 774/349/59 795/371/43 794/370/42 773/348/42
f 775/350/53 796/372/53 795/371/43 774/349/59
f 776/351/50 797/373/54 796/372/53 775/350/53
f 777/352/60 798/374/55 797/373/54 776/351/50
f 779/354/32 800/376/48 799/375/48 778/353/32
f 780/355/33 801/377/33 800/376/48 779/354/32
f 781/356/34 802/378/33 801/377/33 780/355/33
f 782/357/32 803/379/48 802/378/33 781/356/34
f 783/358/32 804/380/48 803/379/48 782/357/32
f 784/359/32 805/381/48 804/380/48 783/358/32
f 785/360/32 806/382/48 805/381/48 784/359/32
f 786/361/33 807/383/33 806/382/48 785/360/32
f 787/362/56 808/384/36 807/383/33 786/361/33
f 788/363/57 809/385/52 808/384/36 787/362/56
f 789/365/41 810/387/41 809/386/38 788/364/38
f 790/366/42 811/388/42 810/387/41 789/365/41
f 791/367/42 812/389/42 811/388/42 790/366/42
f 792/368/42 813/390/42 812/389/42 791/367/42
f 793/369/42 814/391/42 813/390/42 792/368/42
f 794/370/42 815/392/42 814/391/42 793/369/42
f 795/371/43 816/393/43 815/392/42 794/370/42
f 796/372/53 817/394/53 816/393/43 795/371/43
f 797/373/54 818/395/50 817/394/53 796/372/53
f 798/374/55 819/396/55 818/395/50 797/373/54
f 800/376/48 821/398/48 820/397/48 799/375/48
f 801/377/33 822/399/33 821/398/48 800/376/48
f 802/378/33 823/400/33 822/399/33 801/377/33
f 803/379/48 824/401/48 823/400/33 802/378/33
f 804/380/48 825/402/48 824/401/48 803/379/48
f 805/381/48 826/403/48 825/402/48 804/380/48
f 806/382/48 827/404/48 826/403/48 805/381/48
f 807/383/33 828/405/33 827/404/48 806/382/48
f 808/384/36 829/406/36 828/405/33 807/383/33
f 809/385/52 830/407/61 829/406/36 808/384/36
f 810/387/41 831/409/41 830/408/38 809/386/38
f 811/388/42 832/410/42 831/409/41 810/387/41
f 812/389/42 833/411/58 832/410/42 811/388/42
f 813/390/42 834/412/42 833/411/58 812/389/42
f 814/391/42 835/413/42 834/412/42 813/390/42
f 815/392/42 836/414/42 835/413/42 814/391/42
f 816/393/43 837/415/59 836/414/42 815/392/42
f 817/394/53 838/416/53 837/415/59 816/393/43
f 818/395/50 839/417/62 838/416/53 817/394/53
f 819/396/55 840/418/55 839/417/62 818/395/50
f 821/398/48 842/420/48 841/419/48 820/397/48
f 822/399/33 843/421/33 842/420/48 821/398/48
f 823/400/33 844/422/33 843/421/33 822/399/33
f 824/401/48 845/423/48 844/422/33 823/400/33
f 825/402/48 846/424/48 845/423/48 824/401/48
f 826/403/48 847/425/48 846/424/48 825/402/48
f 827/404/48 848/426/48 847/425/48 826/403/48
f 828/405/33 849/427/33 848/426/48 827/404/48
f 829/406/36 850/428/36 849/427/33 828/405/33
f 830/407/61 851/429/49 850/428/36 829/406/36
f 831/409/41 852/431/41 851/430/38 830/408/38
f 832/410/42 853/432/42 852/431/41 831/409/41
f 833/411/58 854/433/42 853/432/42 832/410/42
f 834/412/42 855/434/42 854/433/42 833/411/58
f 835/413/42 856/435/42 855/434/42 834/412/42
f 836/414/42 857/436/42 856/435/42 835/413/42
f 837/415/59 858/437/43 857/436/42 836/414/42
f 838/416/53 859/438/44 858/437/43 837/415/59
f 839/417/62 860/439/50 859/438/44 838/416/53
f 840/418/55 861/440/51 860/439/50 839/417/62
f 842/420/48 863/442/32 862/441/32 841/419/48
f 843/421/33 864/443/33 863/442/32 842/420/48
f 844/422/33 865/444/33 864/443/33 843/421/33
f 845/423/48 866/445/32 865/444/33 844/422/33
f 846/424/48 867/446/32 866/445/32 845/423/48
f 847/425/48 868/447/32 867/446/32 846/424/48
f 848/426/48 869/448/32 868/447/32 847/425/48
f 849/427/33 870/449/33 869/448/32 848/426/48
f 850/428/36 871/450/36 870/449/33 849/427/33
f 851/429/49 872/451/37 871/450/36 850/428/36
f 852/431/41 873/453/41 872/452/38 851/430/38
f 853/432/42 874/454/42 873/453/41 852/431/41
f 854/433/42 875/455/42 874/454/42 853/432/42
f 855/434/42 876/456/42 875/455/42 854/433/42
f 856/435/42 877/457/42 876/456/42 855/434/42
f 857/436/42 878/458/42 877/457/42 856/435/42
f 858/437/43 879/459/43 878/458/42 857/436/42
f 859/438/44 880/460/45 879/459/43 858/437/43
f 860/439/50 881/461/46 880/460/45 859/438/44
f 861/440/51 882/462/47 881/461/46 860/439/50

v 100.83123016357422 0.13028272986412 -58.25253677368164
v 82.37139129638672 0.13028272986412 -52.87198638916016
v 78.01641845703125 0.13028272986412 -49.60563659667969
v 77.18189239501953 0.13028272986412 -48.63002777099609
v 76.41292572021484 0.13028272986412 -47.52375411987305
v 75.90305328369141 0.13028272986412 -46.60764694213867
v 75.46908569335938 0.13028272986412 -45.61696243286133
v 74.84557342529297 0.13028272986412 -43.01276397705078
v 74.4993896484375 0.13028272986412 20.07692718505859
v 76.42710113525391 0.13028272986412 23.20809173583984
v 78.42356109619141 0.13028272986412 25.93489456176758
v 80.74114990234375 0.13028272986412 28.38060188293457
v 81.45786285400391 0.13028272986412 28.9411792755127
v 82.37139129638672 1.13028275966644 -52.87198638916016
v 80.32566833496094 1.13028275966644 -51.62375259399414
v 79.09134674072266 1.13028275966644 -50.64306640625
v 78.01641845703125 1.13028275966644 -49.60563659667969
v 76.41292572021484 1.13028275966644 -47.52375411987305
v 75.90305328369141 1.13028275966644 -46.60764694213867
v 75.12773132324219 1.13028275966644 -44.55124282836914
v 74.84557342529297 1.13028275966644 -43.01276397705078
v 74.40412139892578 1.13028275966644 -8.95862007141113
v 74.4993896484375 1.13028275966644 20.07692718505859
v 76.42710113525391 1.13028275966644 23.20809173583984
v 78.42356109619141 1.13028275966644 25.93489456176758
v 79.79320526123047 1.13028275966644 27.48670196533203
v 81.45786285400391 1.13028275966644 28.9411792755127
v 82.17124938964844 1.13028275966644 29.38385963439941
v 105.41975402832031 1.13028275966644 34.76792144775391
v 105.77269744873047 0.13028272986412 -59.42937469482422
v 103.6240234375 0.13028272986412 -58.99845504760742
v 81.65740203857422 0.13028272986412 -52.48900604248047
v 80.32566833496094 0.13028272986412 -51.62375259399414
v 79.09134674072266 0.13028272986412 -50.64306640625
v 75.12773132324219 0.13028272986412 -44.55124282836914
v 74.95987701416016 0.13028272986412 -43.79885101318359
v 74.40412139892578 0.13028272986412 -8.95862007141113
v 79.79320526123047 0.13028272986412 27.48670196533203
v 82.17124938964844 0.13028272986412 29.38385963439941
v 82.64132690429688 0.13028272986412 29.60293006896973
v 83.10440826416016 0.13028272986412 29.75377464294434
v 101.74529266357422 0.13028272986412 33.69324493408203
v 105.41975402832031 0.13028272986412 34.76792144775391
v 105.77269744873047 1.13028275966644 -59.42937469482422
v 103.6240234375 1.13028275966644 -58.99845504760742
v 100.83123016357422 1.13028275966644 -58.25253677368164
v 81.65740203857422 1.13028275966644 -52.48900604248047
v 77.18189239501953 1.13028275966644 -48.63002777099609
v 75.46908569335938 1.13028275966644 -45.61696243286133
v 74.95987701416016 1.13028275966644 -43.79885101318359
v 80.74114990234375 1.13028275966644 28.38060188293457
v 82.64132690429688 1.13028275966644 29.60293006896973
v 83.10440826416016 1.13028275966644 29.75377464294434
v 101.74529266357422 1.13028275966644 33.69324493408203
v 107.95546722412109 1.13028275966644 -59.7047004699707
v 107.95546722412109 0.13028272986412 -59.7047004699707
v 107.97398376464844 1.13028275966644 35.41608810424805
v 107.97398376464844 0.13028272986412 35.41608810424805
v 107.95603942871094 0.13028272986412 -56.74153137207031
v 107.97142028808594 0.13028272986412 22.23837280273438
v 107.95547485351562 0.13028272986412 -59.64776992797852
v 107.95550537109375 0.13028272986412 -59.48701477050781
v 107.97392272949219 0.13028272986412 35.07727432250977
v 107.97150421142578 0.13028272986412 22.66762733459473
v 107.97142028808594 1.13028275966644 22.23837280273438
v 107.97150421142578 1.13028275966644 22.66762733459473
v 107.97392272949219 1.13028275966644 35.07727432250977
v 107.95603942871094 1.13028275966644 -56.74153137207031
v 107.95550537109375 1.13028275966644 -59.48701477050781
v 107.95547485351562 1.13028275966644 -59.64776992797852
# 70 vertices

vn -0.12514434754848 0 -0.99213856458664
vn -0.16099579632282 0 -0.98695510625839
vn -0.22745189070702 0 -0.97378933429718
vn -0.26895248889923 0 -0.96315342187881
vn -0.27982893586159 0 -0.96004986763
vn -0.47268751263618 0 -0.8812301158905
vn -0.5092026591301 0 -0.86064666509628
vn -0.58410954475403 0 -0.81167483329773
vn -0.65902185440063 0 -0.75212377309799
vn -0.72800999879837 0 -0.68556654453278
vn -0.7915096282959 0 -0.61115664243698
vn -0.84850209951401 0 -0.52919203042984
vn -0.89588832855225 0 -0.44427934288979
vn -0.93539398908615 0 -0.3536072075367
vn -0.96516072750092 0 -0.26165765523911
vn -0.9834930896759 0 -0.18094582855701
vn -0.99690639972687 0 -0.07859825342894
vn -0.99998825788498 0 -0.00484069809318
vn -0.99999463558197 0 0.0032810724806
vn -0.8515562415123 0 0.52426332235336
vn -0.82987201213837 0 0.55795377492905
vn -0.77910733222961 0 0.62689054012299
vn -0.71865594387054 0 0.69536578655243
vn -0.65176773071289 0 0.75841867923737
vn -0.57251620292664 0 0.81989341974258
vn -0.47568520903587 0 0.87961560487747
vn -0.36674079298973 0 0.93032318353653
vn -0.2586130797863 0 0.96598100662231
vn -0.20676799118519 0 0.97838997840881
vn -0.28071215748787 0 0.95979201793671
vn -0.26338183879852 0 0.96469163894653
vn -0.24596612155437 0 0.96927845478058
vn 0 -1 0
vn 0 0 0
vn 0 1 0
vn 1 0 -0.00013401232718
vn 1 0 -0.00014907504374
vn 1 0 -0.00018014365924
vn 1 -0.00000249815776 -0.00018751691096
vn 1 0.00002755305832 -0.00018762014224
vn 1 0.0000087552653 -0.00019463310309
vn 0.99999994039536 0.00020888613653 -0.0001921805524
vn 1 0.00008327500836 -0.00019387171778
vn 1 -0.0000006986225 -0.00017944085994
vn 1 0.0001329548395 -0.00018290686421
vn 1 0.00004132958566 -0.00019135836919
vn 1 0.00002198032598 -0.00019324255118
vn 1 0.00004396065196 -0.00019135836919
vn 1 0.00000013291049 -0.00019519982743
# 49 normals

vt 0.18618319928646 0.34259879589081 0
vt 0.18618319928646 0.34519112110138 0
vt 0.18738619983196 0.34519112110138 0
vt 0.18738619983196 0.34259879589081 0
vt 0.18618319928646 0.3477429151535 0
vt 0.18738619983196 0.3477429151535 0
vt 0.18618319928646 0.35105967521667 0
vt 0.18738619983196 0.35105967521667 0
vt 0.18618319928646 0.37298309803009 0
vt 0.18738619983196 0.37298309803009 0
vt 0.18618319928646 0.37383115291595 0
vt 0.18738619983196 0.37383115291595 0
vt 0.18618319928646 0.37541282176971 0
vt 0.18738619983196 0.37541282176971 0
vt 0.18618319928646 0.37687885761261 0
vt 0.18738619983196 0.37687885761261 0
vt 0.18618319928646 0.37815570831299 0
vt 0.18738619983196 0.37815570831299 0
vt 0.28608053922653 0.40809166431427 0
vt 0.28608053922653 0.40927922725677 0
vt 0.28725400567055 0.40927922725677 0
vt 0.28725400567055 0.40809166431427 0
vt 0.28858467936516 0.40927922725677 0
vt 0.28858467936516 0.40809166431427 0
vt 0.28968662023544 0.40927922725677 0
vt 0.28968662023544 0.40809166431427 0
vt 0.29087832570076 0.40927922725677 0
vt 0.29087832570076 0.40809166431427 0
vt 0.29216030240059 0.40927922725677 0
vt 0.29216030240059 0.40809166431427 0
vt 0.2930653989315 0.40927922725677 0
vt 0.2930653989315 0.40809166431427 0
vt 0.29401102662086 0.40927922725677 0
vt 0.29401102662086 0.40809166431427 0
vt 0.33497798442841 0.40927922725677 0
vt 0.33497798442841 0.40809166431427 0
vt 0.36990770697594 0.40927922725677 0
vt 0.36990770697594 0.40809166431427 0
vt 0.373674929142 0.40927922725677 0
vt 0.373674929142 0.40809166431427 0
vt 0.37695574760437 0.40927922725677 0
vt 0.37695574760437 0.40809166431427 0
vt 0.37882289290428 0.40927922725677 0
vt 0.37882289290428 0.40809166431427 0
vt 0.17141841351986 0.37815570831299 0
vt 0.17262141406536 0.37815570831299 0
vt 0.17262141406536 0.37703013420105 0
vt 0.17141841351986 0.37703013420105 0
vt 0.17262141406536 0.37617909908295 0
vt 0.17141841351986 0.37617909908295 0
vt 0.17262141406536 0.3753319978714 0
vt 0.17141841351986 0.3753319978714 0
vt 0.17262141406536 0.37477385997772 0
vt 0.17141841351986 0.37477385997772 0
vt 0.17262141406536 0.37422394752502 0
vt 0.17141841351986 0.37422394752502 0
vt 0.17262141406536 0.35208761692047 0
vt 0.17141841351986 0.35208761692047 0
vt 0.17262141406536 0.34772419929504 0
vt 0.17141841351986 0.34772419929504 0
vt 0.17141841351986 0.34469103813171 0
vt 0.17262141406536 0.34469103813171 0
vt 0.39844262599945 0.45110857486725 0
vt 0.45591750741005 0.49096465110779 0
vt 0.49345529079437 0.45110857486725 0
vt 0.44927179813385 0.46439385414124 0
vt 0.39487794041634 0.45110857486725 0
vt 0.39520865678787 0.45370078086853 0
vt 0.39494642615318 0.45110857486725 0
vt 0.39513981342316 0.45110857486725 0
vt 0.39662322402 0.45956933498383 0
vt 0.395726531744 0.45625257492065 0
vt 0.41495054960251 0.49043250083923 0
vt 0.40309169888496 0.48149287700653 0
vt 0.40355223417282 0.48234081268311 0
vt 0.40459284186363 0.48392248153687 0
vt 0.40577229857445 0.48538863658905 0
vt 0.4070200920105 0.48666536808014 0
vt 0.40819352865219 0.48765671253204 0
vt 0.4095242023468 0.48857009410858 0
vt 0.41062617301941 0.48917579650879 0
vt 0.4118178486824 0.4896913766861 0
vt 0.41309982538223 0.49009704589844 0
vt 0.41400492191315 0.49029660224915 0
vt 0.49084722995758 0.49085819721222 0
vt 0.50723403692245 0.45850515365601 0
vt 0.50852769613266 0.45414173603058 0
vt 0.50890046358109 0.45110857486725 0
vt 0.49397167563438 0.45110857486725 0
vt 0.49461448192596 0.48856961727142 0
vt 0.50249046087265 0.48064148426056 0
vt 0.49789527058601 0.48619937896729 0
vt 0.49976241588593 0.48457312583923 0
vt 0.5008379817009 0.48344767093658 0
vt 0.50151252746582 0.48259663581848 0
vt 0.50204527378082 0.48174953460693 0
vt 0.50230890512466 0.48119139671326 0
vt 0.50930804014206 0.45110857486725 0
vt 0.28222241997719 0.45110857486725 0
vt 0.32027658820152 0.49096465110779 0
vt 0.2827388048172 0.45110857486725 0
vt 0.29507929086685 0.46439385414124 0
vt 0.26729363203049 0.45110857486725 0
vt 0.26766639947891 0.45414173603058 0
vt 0.37775146961212 0.45110857486725 0
vt 0.26688605546951 0.45110857486725 0
vt 0.26896008849144 0.45850515365601 0
vt 0.28534686565399 0.49085819721222 0
vt 0.27370363473892 0.48064148426056 0
vt 0.28157964348793 0.48856961727142 0
vt 0.27388519048691 0.48119139671326 0
vt 0.27414885163307 0.48174953460693 0
vt 0.27468156814575 0.48259663581848 0
vt 0.27535611391068 0.48344767093658 0
vt 0.27643167972565 0.48457312583923 0
vt 0.27829882502556 0.48619937896729 0
vt 0.36124354600906 0.49043250083923 0
vt 0.37957087159157 0.45956933498383 0
vt 0.38105428218842 0.45110857486725 0
vt 0.36218917369843 0.49029660224915 0
vt 0.36309427022934 0.49009704589844 0
vt 0.36437624692917 0.4896913766861 0
vt 0.36556795239449 0.48917579650879 0
vt 0.36666989326477 0.48857009410858 0
vt 0.36800056695938 0.48765671253204 0
vt 0.36917400360107 0.48666536808014 0
vt 0.37042179703712 0.48538863658905 0
vt 0.37160128355026 0.48392248153687 0
vt 0.37264186143875 0.48234081268311 0
vt 0.37310239672661 0.48149287700653 0
vt 0.3809854388237 0.45370078086853 0
vt 0.38124766945839 0.45110857486725 0
vt 0.38046756386757 0.45625257492065 0
vt 0.38131615519524 0.45110857486725 0
vt 0.00678089354187 0.39273107051849 0
vt 0.00684937974438 0.39273107051849 0
vt 0.00678089354187 0.39154350757599 0
vt 0.00680372212082 0.3923351764679 0
vt 0.12121099978685 0.39154350757599 0
vt 0.12080340832472 0.39154350757599 0
vt 0.12121099978685 0.39273107051849 0
vt 0.31872916221619 0.43724238872528 0
vt 0.32203197479248 0.43724238872528 0
vt 0.31853577494621 0.43724238872528 0
vt 0.31976562738419 0.43724238872528 0
vt 0.01034557726234 0.39154350757599 0
vt 0.00704276934266 0.39154350757599 0
vt 0.10535823553801 0.39273107051849 0
vt 0.01034557726234 0.39273107051849 0
vt 0.00684937974438 0.39154350757599 0
vt 0.1058746278286 0.39154350757599 0
vt 0.10535823553801 0.39154350757599 0
vt 0.12080340832472 0.39273107051849 0
vt 0.1058746278286 0.39273107051849 0
# 154 texture coordinates

o Rabat_Languette_Haut
usemtl Paquet
f 938/466/63 912/465/64 926/464/64 937/463/63
f 913/468/65 927/467/65 926/464/64 912/465/64
f 883/470/66 928/469/66 927/467/65 913/468/65
f 884/472/67 896/471/67 928/469/66 883/470/66
f 914/474/69 929/473/69 896/471/68 884/472/68
f 915/476/70 897/475/70 929/473/69 914/474/69
f 916/478/71 898/477/71 897/475/70 915/476/70
f 885/480/72 899/479/72 898/477/71 916/478/71
f 886/484/73 930/483/73 899/482/72 885/481/72
f 887/486/74 900/485/74 930/483/73 886/484/73
f 888/488/75 901/487/75 900/485/74 887/486/74
f 889/490/76 931/489/76 901/487/75 888/488/75
f 917/492/77 902/491/77 931/489/76 889/490/76
f 918/494/78 932/493/78 902/491/77 917/492/77
f 890/496/79 903/495/79 932/493/78 918/494/78
f 919/498/80 904/497/80 903/495/79 890/496/79
f 891/500/81 905/499/81 904/497/80 919/498/80
f 892/502/83 906/501/83 905/499/82 891/500/82
f 893/504/84 907/503/84 906/501/83 892/502/83
f 920/506/85 908/505/85 907/503/84 893/504/84
f 894/510/86 933/509/86 908/508/85 920/507/85
f 895/512/87 909/511/87 933/509/86 894/510/86
f 921/514/88 910/513/88 909/511/87 895/512/87
f 922/516/89 934/515/89 910/513/88 921/514/88
f 923/518/90 935/517/90 934/515/89 922/516/89
f 924/520/91 936/519/91 935/517/90 923/518/90
f 925/522/93 911/521/93 936/519/92 924/520/92
f 939/524/94 911/521/93 925/522/93 940/523/94
f 942/527/95 919/526/95 941/525/95
f 943/531/95 912/530/95 938/529/95
f 883/533/95 943/531/95 944/532/95
f 912/530/95 943/531/95 883/533/95 913/534/95
f 919/526/95 944/532/95 941/525/95
f 944/532/95 919/526/95 890/535/95 883/533/95
f 914/537/95 884/536/95 883/533/95 890/535/95
f 916/539/95 915/538/95 914/537/95 890/535/95
f 886/541/95 885/540/95 916/539/95 890/535/95
f 888/543/95 887/542/95 886/541/95 890/535/95
f 917/545/95 889/544/95 888/543/95 890/535/95
f 890/535/95 918/546/95 917/545/95
f 925/549/95 924/548/95 891/547/95 919/526/95
f 919/526/95 946/551/95 945/550/95 925/549/95
f 946/551/95 919/526/95 942/527/95
f 923/553/95 892/552/95 891/547/95 924/548/95
f 920/555/95 893/554/95 892/552/95 923/553/95
f 895/557/95 894/556/95 920/555/95 923/553/95
f 922/559/95 921/558/95 895/557/95 923/553/95
f 940/560/95 925/549/95 945/550/95
f 947/563/97 904/562/97 948/561/97
f 904/562/97 911/566/97 949/565/97 948/561/97
f 950/567/97 904/562/97 947/563/97
f 949/565/97 911/566/97 939/568/97
f 905/570/97 936/569/97 911/566/97 904/562/97
f 905/570/97 906/572/97 935/571/97 936/569/97
f 909/575/97 910/574/97 934/573/97 935/571/97
f 908/577/97 933/576/97 909/575/97 935/571/97
f 906/572/97 907/578/97 908/577/97 935/571/97
f 951/581/97 928/580/97 903/579/97 904/562/97
f 951/581/97 904/562/97 950/567/97
f 902/583/97 932/582/97 903/579/97
f 901/585/97 931/584/97 902/583/97 903/579/97
f 930/587/97 900/586/97 901/585/97 903/579/97
f 898/589/97 899/588/97 930/587/97 903/579/97
f 929/591/97 897/590/97 898/589/97 903/579/97
f 928/580/97 896/592/97 929/591/97 903/579/97
f 927/595/97 952/594/97 926/593/97
f 952/594/97 927/595/97 928/580/97 951/581/97
f 937/596/97 926/593/97 952/594/97
f 937/599/99 943/598/99 938/597/98
f 940/603/102 949/602/101 939/601/100
f 943/606/95 941/605/95 944/604/95
f 942/610/105 951/609/104 950/608/103
f 937/599/99 952/612/107 941/611/106 943/598/99
f 940/603/102 948/613/108 949/602/101
f 940/603/102 945/615/110 947/614/109 948/613/108
f 942/610/105 941/611/106 952/612/107
f 942/610/105 952/612/107 951/609/104
f 946/616/111 947/614/109 945/615/110
f 942/610/105 950/608/103 947/614/109
f 947/614/109 946/616/111 942/610/105

v 108.17431640625 10.73368072509766 36.38157653808594
v 107.17428588867188 3.20967483520508 36.21793365478516
v 107.17430877685547 4.17967796325684 36.33407592773438
v 107.17431640625 10.73368072509766 36.38177108764648
v 108.15557861328125 2.31351542472839 -59.85055160522461
v 108.15559387207031 0.92724132537842 -59.79015731811523
v 108.17428588867188 3.20967483520508 36.21773910522461
v 108.17430877685547 4.17967796325684 36.33388137817383
v 107.15557861328125 2.31351542472839 -59.85035705566406
v 107.15559387207031 0.92724132537842 -59.78996276855469
v 108.15547943115234 14.47848796844482 -60.37190628051758
v 108.17429351806641 14.47848796844482 36.23906707763672
v 108.17428588867188 14.47848796844482 36.21943664550781
v 108.17429351806641 14.47848796844482 36.23501586914062
v 107.17428588867188 14.47848796844482 36.23125076293945
v 107.17429351806641 14.47848796844482 36.23521041870117
v 107.15547943115234 14.47848796844482 -60.37171173095703
v 107.17429351806641 14.47848796844482 36.23926162719727
v 108.17417144775391 14.47848796844482 35.60651016235352
v 108.17428588867188 14.47848796844482 36.23105621337891
v 108.17428588867188 14.47848796844482 36.22679138183594
v 108.17428588867188 14.47848796844482 36.22295379638672
v 108.17428588867188 14.47848796844482 36.22026824951172
v 107.17428588867188 14.47848796844482 36.21963119506836
v 107.17428588867188 14.47848796844482 36.22046279907227
v 107.17417144775391 14.47848796844482 35.60670471191406
v 107.17428588867188 14.47848796844482 36.22314834594727
v 107.17428588867188 14.47848796844482 36.22698593139648
v 107.15560913085938 0.14104805886745 -59.69095230102539
v 108.15560913085938 0.14104805886745 -59.69114685058594
v 107.17413330078125 0.14104805886745 35.4385986328125
v 108.17413330078125 0.14104805886745 35.43840408325195
v 108.15618133544922 0.14104805886745 -56.75791549682617
v 108.17156982421875 0.14104805886745 22.27628135681152
v 108.15562438964844 0.14104805886745 -59.63361358642578
v 108.15565490722656 0.14104805886745 -59.47454833984375
v 108.17406463623047 0.14104805886745 35.09653472900391
v 108.17165374755859 0.14104805886745 22.70583152770996
v 107.17156982421875 0.14104805886745 22.2764778137207
v 107.17165374755859 0.14104805886745 22.70602798461914
v 107.17406463623047 0.14104805886745 35.09672927856445
v 107.15618133544922 0.14104805886745 -56.75772094726562
v 107.15565490722656 0.14104805886745 -59.4743537902832
v 107.15562438964844 0.14104805886745 -59.63341903686523
# 44 vertices

vn -0.00019436507137 -0.04281773790717 -0.99908286333084
vn -0.00019436415459 -0.04352462664247 -0.99905234575272
vn -0.00019385621999 -0.08430752158165 -0.99643975496292
vn -0.00019302451983 -0.12494960427284 -0.99216306209564
vn 0.00018856341194 -0.24615420401096 0.96923065185547
vn 0.00019126822008 -0.18290303647518 0.98313093185425
vn 0.00019416195573 -0.06317976862192 0.99800217151642
vn 0.00019452691777 0.01537926308811 0.99988168478012
vn 0.00019440845062 0.03802769631147 0.99927663803101
vn 1 -0.00000132954165 -0.00019351550145
vn 1 -0.00000019347934 -0.00019475228328
vn 1 0.00000074565975 -0.00019174882618
vn 1 0.0000007167996 -0.0001942650706
vn 1 -0.0000018975727 -0.00019289710326
vn 1 0.00000057534612 -0.00018360590911
vn 1 0.00000124408939 -0.00018773082411
vn 1 0.00000174633988 -0.00019281770801
vn 1 -0.00000193330925 -0.0001927872363
vn 1 0.00000018997794 -0.00019769047503
vn 0.99999994039536 -0.00000335740128 -0.00027978626895
vn 1 0.00000142756232 -0.00012852482905
vn 1 0.00000029418348 -0.0001983831753
vn 1 -0.00000000930972 -0.00019591613091
vn 0.99999952316284 -0.00003159225162 -0.0009633898735
vn 1 0.00000611197902 0
vn 0.99999952316284 -0.00003057358845 -0.0009633898735
vn 1 0.00000814930536 0
vn -1 -0.00000814930536 0
vn -0.99999994039536 0.00000335740219 0.00027978626895
vn -1 -0.00000140909924 0.0001285247854
vn -1 0.00000196100382 0.00019278716354
vn -1 0.00000192524408 0.00019289704505
vn -1 0.0000013479679 0.00019351544324
vn -1 -0.00000018997397 0.00019769050414
vn -1 -0.00000074567953 0.00019174882618
vn -1 0.00000019341553 0.00019475228328
vn -1 -0.00000071681649 0.0001942650706
vn -0.99999952316284 0.00003057358845 0.0009633898735
vn -0.99999952316284 0.00003159225162 0.0009633898735
vn -1 -0.00000611197902 0
vn -1 -0.00000029418348 0.00019838320441
vn -1 0.00000000930974 0.00019591614546
vn -1 -0.00000174633738 0.00019281770801
vn -1 -0.00000124409007 0.00018773082411
vn -1 -0.00000057534749 0.00018360590911
vn 0 -1 0
vn 0 -1 -0
vn -0.00000000000001 -1 0
vn 0 -1 -0
vn -0 -1 0
# 50 normals

vt 0.20094798505306 0.36112904548645 0
vt 0.20094798505306 0.37557578086853 0
vt 0.20215098559856 0.37557578086853 0
vt 0.20215098559856 0.36112904548645 0
vt 0.20094798505306 0.37722206115723 0
vt 0.20215098559856 0.37722206115723 0
vt 0.20215098559856 0.37815570831299 0
vt 0.20094798505306 0.37815570831299 0
vt 0.21691577136517 0.37815570831299 0
vt 0.21691577136517 0.37451148033142 0
vt 0.21571277081966 0.37451148033142 0
vt 0.21571277081966 0.37815570831299 0
vt 0.21691577136517 0.37335956096649 0
vt 0.21571277081966 0.37335956096649 0
vt 0.21691577136517 0.36557626724243 0
vt 0.21571277081966 0.36557626724243 0
vt 0.21571277081966 0.36112904548645 0
vt 0.21691577136517 0.36112904548645 0
vt 0.25219875574112 0.42069411277771 0
vt 0.1367369145155 0.42069411277771 0
vt 0.13736410439014 0.43514084815979 0
vt 0.17543326318264 0.4255096912384 0
vt 0.14108453691006 0.43772077560425 0
vt 0.23616251349449 0.43772077560425 0
vt 0.13755586743355 0.43772077560425 0
vt 0.13762508332729 0.43772077560425 0
vt 0.13743676245213 0.43678712844849 0
vt 0.13781644403934 0.43772077560425 0
vt 0.23667925596237 0.43772077560425 0
vt 0.25158524513245 0.43772077560425 0
vt 0.25313115119934 0.42514133453369 0
vt 0.25293609499931 0.42069411277771 0
vt 0.2519965171814 0.43772077560425 0
vt 0.25293406844139 0.43407654762268 0
vt 0.25307378172874 0.43292462825775 0
vt 0.2529548406601 0.42069411277771 0
vt 0.25295972824097 0.42069411277771 0
vt 0.25295007228851 0.42069411277771 0
vt 0.25294494628906 0.42069411277771 0
vt 0.25294032692909 0.42069411277771 0
vt 0.25293710827827 0.42069411277771 0
vt 0.00697494903579 0.42069411277771 0
vt 0.00678089354187 0.42514133453369 0
vt 0.00697594648227 0.42069411277771 0
vt 0.00691059650853 0.42217659950256 0
vt 0.02323278598487 0.43772077560425 0
vt 0.02374953404069 0.43772077560425 0
vt 0.00771329877898 0.42069411277771 0
vt 0.00832679774612 0.43772077560425 0
vt 0.12254793941975 0.43514084815979 0
vt 0.1231751292944 0.42069411277771 0
vt 0.11882750689983 0.43772077560425 0
vt 0.00697171548381 0.42069411277771 0
vt 0.00696709891781 0.42069411277771 0
vt 0.00696196826175 0.42069411277771 0
vt 0.0069572054781 0.42069411277771 0
vt 0.00695233093575 0.42069411277771 0
vt 0.00791552755982 0.43772077560425 0
vt 0.00683827139437 0.43292462825775 0
vt 0.00697799026966 0.43407654762268 0
vt 0.12209560722113 0.43772077560425 0
vt 0.12228696793318 0.43772077560425 0
vt 0.12235617637634 0.43772077560425 0
vt 0.12247528880835 0.43678712844849 0
vt 0.00678089354187 0.4061187505722 0
vt 0.00678089354187 0.40730631351471 0
vt 0.12224272638559 0.40730631351471 0
vt 0.04526817053556 0.4069105386734 0
vt 0.12300369143486 0.40730631351471 0
vt 0.12300369143486 0.4061187505722 0
vt 0.12299881875515 0.4061187505722 0
vt 0.12299881875515 0.40730631351471 0
vt 0.12298430502415 0.40730631351471 0
vt 0.12298892438412 0.40730631351471 0
vt 0.12298892438412 0.4061187505722 0
vt 0.12298008054495 0.40730631351471 0
vt 0.33559474349022 0.43724238872528 0
vt 0.33559376001358 0.43724238872528 0
vt 0.33559799194336 0.43724238872528 0
vt 0.33559548854828 0.43724238872528 0
vt 0.12224272638559 0.4061187505722 0
vt 0.12299405783415 0.4061187505722 0
vt 0.12298008054495 0.4061187505722 0
vt 0.12298107147217 0.40730631351471 0
vt 0.12298430502415 0.4061187505722 0
vt 0.12299405783415 0.40730631351471 0
vt 0.25100612640381 0.4061187505722 0
vt 0.25059485435486 0.4061187505722 0
vt 0.25100612640381 0.40730631351471 0
vt 0.17061057686806 0.4069105386734 0
vt 0.13656547665596 0.40730631351471 0
vt 0.13663469254971 0.40730631351471 0
vt 0.13656547665596 0.4061187505722 0
vt 0.29006800055504 0.43724238872528 0
vt 0.30497398972511 0.43724238872528 0
vt 0.28955125808716 0.43724238872528 0
vt 0.29486441612244 0.43724238872528 0
vt 0.13682605326176 0.4061187505722 0
vt 0.13663469254971 0.4061187505722 0
vt 0.25059485435486 0.40730631351471 0
vt 0.13682605326176 0.40730631351471 0
vt 0.23568886518478 0.4061187505722 0
vt 0.2351721227169 0.40730631351471 0
vt 0.14009414613247 0.40730631351471 0
vt 0.2351721227169 0.4061187505722 0
vt 0.14009414613247 0.4061187505722 0
# 106 texture coordinates

o Languette_haut
usemtl Paquet
f 963/620/112 957/619/112 961/618/112 969/617/112
f 958/622/114 962/621/114 961/618/113 957/619/113
f 981/624/115 962/621/114 958/622/114 982/623/115
f 984/628/116 959/627/117 954/626/117 983/625/116
f 960/630/118 955/629/118 954/626/117 959/627/117
f 953/632/119 956/631/119 955/629/118 960/630/118
f 970/634/120 956/631/119 953/632/119 964/633/120
f 957/637/123 963/636/122 971/635/121
f 957/637/123 971/635/121 986/640/125 985/639/124
f 958/643/126 957/637/123 987/642/127 982/641/126
f 987/642/127 957/637/123 988/644/128
f 988/644/128 957/637/123 985/639/124
f 965/648/132 953/647/131 989/646/130 990/645/129
f 990/645/129 986/640/125 971/635/121 965/648/132
f 984/649/133 989/646/130 953/647/131
f 953/647/131 960/651/134 959/650/134 984/649/133
f 964/653/136 953/647/131 966/652/135
f 966/652/135 953/647/131 972/654/137
f 972/654/137 953/647/131 973/655/138
f 973/655/138 953/647/131 974/656/138
f 974/656/138 953/647/131 975/657/138
f 975/657/138 953/647/131 965/648/132
f 976/660/141 956/659/140 977/658/139
f 976/660/141 978/664/144 991/663/143 992/662/142
f 976/660/141 992/662/142 993/665/145 956/659/140
f 978/664/144 969/667/147 961/666/146
f 961/666/146 994/668/148 991/663/143 978/664/144
f 977/658/139 956/659/140 979/669/139
f 979/669/139 956/659/140 980/670/139
f 980/670/139 956/659/140 967/671/149
f 967/671/149 956/659/140 968/672/150
f 968/672/150 956/659/140 970/673/151
f 956/659/140 993/665/145 983/674/152
f 956/659/140 983/674/152 954/676/153 955/675/153
f 994/668/148 961/666/146 995/677/154
f 995/677/154 961/666/146 996/678/155
f 962/680/156 981/679/156 996/678/155 961/666/146
f 971/683/97 963/682/97 969/681/97
f 966/688/97 968/687/97 970/686/97 964/685/97
f 980/691/97 973/690/97 974/689/97
f 969/681/97 965/692/97 971/683/97
f 979/695/96 976/694/96 977/693/96
f 978/697/97 965/692/97 969/681/97
f 966/688/97 967/698/97 968/687/97
f 976/699/97 965/692/97 978/697/97
f 976/699/97 979/701/97 975/700/97 965/692/97
f 966/688/97 972/702/97 980/691/97 967/698/97
f 980/691/97 974/689/97 975/700/97 979/701/97
f 973/690/97 980/691/97 972/702/97
f 983/705/95 989/704/95 984/703/157
f 982/709/158 996/708/95 981/707/95
f 991/712/97 993/711/97 992/710/97
f 993/716/161 987/715/160 988/714/159
f 982/709/158 995/717/95 996/708/95
f 983/705/95 993/716/161 990/718/95 989/704/95
f 982/709/158 993/716/161 991/719/95
f 982/709/158 994/720/95 995/717/95
f 982/709/158 991/719/95 994/720/95
f 993/716/161 986/721/157 990/718/95
f 993/716/161 985/722/159 986/721/157
f 987/715/160 993/716/161 982/709/158
f 993/716/161 988/714/159 985/722/159

v -290.78005981445312 1.28028273582458 -24.37677955627441
v -287.37362670898438 1.28028273582458 -19.17971801757812
v -280.74127197265625 1.28028273582458 -15.23790836334229
v 84.53326416015625 1.28028273582458 -15.4882698059082
v 84.94474029541016 1.28028273582458 -15.48724842071533
v 85.70572662353516 1.28028273582458 -15.54582977294922
v 88.40465545654297 1.28028273582458 -16.28491592407227
v 89.94287109375 1.28028273582458 -17.175537109375
v 91.20444488525391 1.28028273582458 -18.32409477233887
v 91.78333282470703 1.28028273582458 -19.05399322509766
v 92.31150054931641 1.28028273582458 -19.8987865447998
v 106.21236419677734 1.28028273582458 -56.35736465454102
v -290.78005981445312 2.28028273582458 -24.37677955627441
v 84.94474029541016 2.28028273582458 -15.48724842071533
v 85.70572662353516 2.28028273582458 -15.54582977294922
v 89.28433227539062 2.28028273582458 -16.74015998840332
v 91.20444488525391 2.28028273582458 -18.32409477233887
v 92.31150054931641 2.28028273582458 -19.8987865447998
v -301.36190795898438 1.28028273582458 -61.29648971557617
v 86.55815887451172 1.28028273582458 -15.68743133544922
v 87.54936218261719 1.28028273582458 -15.954665184021
v 89.28433227539062 1.28028273582458 -16.74015998840332
v 90.58693695068359 1.28028273582458 -17.70072937011719
v 92.77687835693359 1.28028273582458 -20.8668327331543
v -301.36190795898438 2.28028273582458 -61.29648971557617
v -287.37362670898438 2.28028273582458 -19.17971801757812
v -280.74127197265625 2.28028273582458 -15.23790836334229
v 84.53326416015625 2.28028273582458 -15.4882698059082
v 86.55815887451172 2.28028273582458 -15.68743133544922
v 87.54936218261719 2.28028273582458 -15.954665184021
v 88.40465545654297 2.28028273582458 -16.28491592407227
v 89.94287109375 2.28028273582458 -17.175537109375
v 90.58693695068359 2.28028273582458 -17.70072937011719
v 91.78333282470703 2.28028273582458 -19.05399322509766
v 92.77687835693359 2.28028273582458 -20.8668327331543
v 106.21236419677734 2.28028273582458 -56.35736465454102
v -301.36697387695312 2.28028273582458 -61.35965347290039
v -301.36697387695312 1.28028273582458 -61.35965347290039
v 107.70597839355469 2.28028273582458 -61.43931198120117
v 107.70597839355469 1.28028273582458 -61.43931198120117
v 91.06781005859375 1.28028273582458 -61.43606948852539
v 94.96078491210938 1.28028273582458 -61.43682861328125
v 106.68119049072266 1.28028273582458 -61.43910980224609
v 106.681884765625 1.28028273582458 -61.43910980224609
v -215.03428649902344 1.28028273582458 -61.37646484375
v -297.55361938476562 1.28028273582458 -61.36039352416992
v 106.68119049072266 2.28028273582458 -61.43910980224609
v 106.681884765625 2.28028273582458 -61.43910980224609
v 91.06781005859375 2.28028273582458 -61.43606948852539
v 94.96078491210938 2.28028273582458 -61.43682861328125
v -297.55361938476562 2.28028273582458 -61.36039352416992
v -215.03428649902344 2.28028273582458 -61.37646484375
v 107.70597839355469 2.28028273582458 -61.43931198120117
v 107.70597839355469 1.28028273582458 -61.43931198120117
v 91.06781005859375 1.28028273582458 -61.43606948852539
v 106.68119049072266 1.28028273582458 -61.43910980224609
v 106.681884765625 1.28028273582458 -61.43910980224609
v 106.68119049072266 2.28028273582458 -61.43910980224609
v 106.681884765625 2.28028273582458 -61.43910980224609
v 91.06781005859375 2.28028273582458 -61.43606948852539
# 60 vertices

vn -0.99679917097092 0 0.07994620501995
vn -0.96129417419434 0 0.27552407979965
vn -0.83635330200195 0 0.54819083213806
vn -0.51090753078461 0 0.8596356511116
vn 0.00068540603388 0 0.99999976158142
vn -0.00248223892413 0 0.99999690055847
vn 0.03716497123241 0 0.99930912256241
vn 0.12042745947838 0 0.99272215366364
vn 0.21234871447086 0 0.97719395160675
vn 0.3106877207756 0 0.95051205158234
vn 0.41051995754242 0 0.91185158491135
vn 0.50627362728119 0 0.86237287521362
vn 0.59246772527695 0 0.80559414625168
vn 0.67214316129684 0 0.74042123556137
vn 0.74810081720352 0 0.66358512639999
vn 0.81698405742645 0 0.57666027545929
vn 0.8759314417839 0 0.48243555426598
vn 0.91909974813461 0 0.39402493834496
vn 0.93522834777832 0 0.35404506325722
vn 0.95942050218582 0 0.28197932243347
vn -0.00013071687135 0.00006739298988 -1
vn -0.00019742234144 0 -1
vn -0.00009871117072 0.00010108947754 -1
vn -0.00019439827884 0 -1
vn -0.00019406831416 0 -1
vn -0.00019486344536 -0.0000022046388 -1
vn -0.00012990909454 0.00101196451578 -0.9999994635582
vn -0.00009736412903 0.00010108947754 -1
vn -0.00019473492284 -0 -1
vn -0.00019473492284 0 -1
vn -0.00009736423817 0.00152015162166 -0.99999886751175
# 31 normals

vt 0.25169363617897 0.39154350757599 0
vt 0.25161764025688 0.39154350757599 0
vt 0.25161764025688 0.39273107051849 0
vt 0.25169363617897 0.39273107051849 0
vt 0.20720084011555 0.39154350757599 0
vt 0.20720084011555 0.39273107051849 0
vt 0.20094798505306 0.39154350757599 0
vt 0.20094798505306 0.39273107051849 0
vt 0.84479165077209 0.04491925239563 0
vt 0.84358865022659 0.04491925239563 0
vt 0.84358865022659 0.05279469490051 0
vt 0.84479165077209 0.05279469490051 0
vt 0.84358865022659 0.48658132553101 0
vt 0.84479165077209 0.48658132553101 0
vt 0.84358865022659 0.48706996440887 0
vt 0.84479165077209 0.48706996440887 0
vt 0.84358865022659 0.48797369003296 0
vt 0.84479165077209 0.48797369003296 0
vt 0.84358865022659 0.48898601531982 0
vt 0.84479165077209 0.48898601531982 0
vt 0.84358865022659 0.49016320705414 0
vt 0.84479165077209 0.49016320705414 0
vt 0.84358865022659 0.4911789894104 0
vt 0.84479165077209 0.4911789894104 0
vt 0.84358865022659 0.49222373962402 0
vt 0.84479165077209 0.49222373962402 0
vt 0.84358865022659 0.49300587177277 0
vt 0.84479165077209 0.49300587177277 0
vt 0.84358865022659 0.4937709569931 0
vt 0.84479165077209 0.4937709569931 0
vt 0.13477277755737 0.39154350757599 0
vt 0.13477277755737 0.39273107051849 0
vt 0.135522544384 0.39273107051849 0
vt 0.135522544384 0.39154350757599 0
vt 0.13640047609806 0.39273107051849 0
vt 0.13640047609806 0.39154350757599 0
vt 0.13741664588451 0.39273107051849 0
vt 0.13741664588451 0.39154350757599 0
vt 0.13858108222485 0.39273107051849 0
vt 0.13858108222485 0.39154350757599 0
vt 0.18127296864986 0.39273107051849 0
vt 0.18127296864986 0.39154350757599 0
vt 0.18738619983196 0.39154350757599 0
vt 0.18738619983196 0.39273107051849 0
vt 0.58300518989563 0.9735472202301 0
vt 0.52773159742355 0.96577644348145 0
vt 0.58300518989563 0.97817039489746 0
vt 0.56458061933517 0.97249799966812 0
vt 0.57689195871353 0.99153119325638 0
vt 0.58300518989563 0.99208909273148 0
vt 0.58300518989563 0.9920899271965 0
vt 0.58300518989563 0.9933061003685 0
vt 0.58300518989563 0.61003172397614 0
vt 0.58300518989563 0.51203483343124 0
vt 0.58300518989563 0.50750625133514 0
vt 0.52751594781876 0.5319898724556 0
vt 0.58292919397354 0.50751221179962 0
vt 0.53851234912872 0.52007031440735 0
vt 0.53225952386856 0.52411442995071 0
vt 0.52780055999756 0.9671688079834 0
vt 0.53420007228851 0.97556746006012 0
vt 0.52773028612137 0.96626508235931 0
vt 0.52797073125839 0.96818113327026 0
vt 0.53303563594818 0.97501456737518 0
vt 0.52829194068909 0.96935832500458 0
vt 0.52868902683258 0.97037410736084 0
vt 0.52923649549484 0.97141891717911 0
vt 0.53201943635941 0.97438716888428 0
vt 0.52976012229919 0.97220104932785 0
vt 0.53114151954651 0.9736995100975 0
vt 0.53039175271988 0.97296607494354 0
vt 0.59656697511673 0.9920899271965 0
vt 0.60268014669418 0.99153119325638 0
vt 0.59656697511673 0.99208909273148 0
vt 0.59860467910767 0.991903424263 0
vt 0.59656697511673 0.9933061003685 0
vt 0.65184050798416 0.96577644348145 0
vt 0.6453720331192 0.97556746006012 0
vt 0.65177154541016 0.9671688079834 0
vt 0.59656697511673 0.97817039489746 0
vt 0.59656697511673 0.9735472202301 0
vt 0.64653652906418 0.97501456737518 0
vt 0.65160143375397 0.96818113327026 0
vt 0.65088307857513 0.97037410736084 0
vt 0.64755266904831 0.97438716888428 0
vt 0.65033560991287 0.97141891717911 0
vt 0.65128016471863 0.96935832500458 0
vt 0.64843058586121 0.9736995100975 0
vt 0.64981204271317 0.97220104932785 0
vt 0.64918035268784 0.97296607494354 0
vt 0.65184187889099 0.96626508235931 0
vt 0.65205615758896 0.5319898724556 0
vt 0.59656697511673 0.51203483343124 0
vt 0.59656697511673 0.61003172397614 0
vt 0.64731258153915 0.52411442995071 0
vt 0.64105975627899 0.52007031440735 0
vt 0.59664291143417 0.50751221179962 0
vt 0.59656697511673 0.50750625133514 0
vt 0.82882386445999 0.4937709569931 0
vt 0.83002686500549 0.4937709569931 0
vt 0.83002686500549 0.49255478382111 0
vt 0.82922488451004 0.00948059558868 0
vt 0.83002686500549 0.0079710483551 0
vt 0.82882386445999 0.0079710483551 0
vt 0.82882386445999 0.01249957084656 0
vt 0.85835343599319 0.48914778232574 0
vt 0.85835343599319 0.4937709569931 0
vt 0.85835343599319 0.12563228607178 0
vt 0.85835343599319 0.36951696872711 0
vt 0.83002686500549 0.47863519191742 0
vt 0.83002686500549 0.47401201725006 0
vt 0.82882386445999 0.49255478382111 0
vt 0.83002686500549 0.49255394935608 0
vt 0.83002686500549 0.11049652099609 0
vt 0.83002686500549 0.01249957084656 0
vt 0.82882386445999 0.11049652099609 0
vt 0.82882386445999 0.47863519191742 0
vt 0.82882386445999 0.49255394935608 0
# 118 texture coordinates

o Rabat_Languette
usemtl Paquet
f 1034/726/162 1015/725/162 1021/724/162 1033/723/162
f 997/728/163 1009/727/163 1021/724/163 1015/725/163
f 998/730/164 1022/729/164 1009/727/164 997/728/164
f 999/734/165 1023/733/165 1022/732/165 998/731/165
f 1000/736/166 1024/735/166 1023/733/166 999/734/166
f 1001/738/168 1010/737/168 1024/735/167 1000/736/167
f 1002/740/169 1011/739/169 1010/737/168 1001/738/168
f 1016/742/170 1025/741/170 1011/739/169 1002/740/169
f 1017/744/171 1026/743/171 1025/741/170 1016/742/170
f 1003/746/172 1027/745/172 1026/743/171 1017/744/171
f 1018/748/173 1012/747/173 1027/745/172 1003/746/172
f 1004/750/174 1028/749/174 1012/747/173 1018/748/173
f 1019/752/175 1029/751/175 1028/749/174 1004/750/174
f 1005/756/176 1013/755/176 1029/754/175 1019/753/175
f 1006/758/177 1030/757/177 1013/755/176 1005/756/176
f 1007/760/178 1014/759/178 1030/757/177 1006/758/177
f 1020/762/179 1031/761/179 1014/759/178 1007/760/178
f 1008/764/180 1032/763/180 1031/761/179 1020/762/179
f 1035/766/181 1032/763/181 1008/764/181 1036/765/181
f 1038/769/95 1000/768/95 1037/767/95
f 1000/768/95 1038/769/95 1039/772/95 1008/771/95
f 1036/774/95 1008/771/95 1040/773/95
f 1040/773/95 1008/771/95 1039/772/95
f 1037/767/95 1000/768/95 1041/775/95
f 999/778/95 1034/777/95 1042/776/95
f 999/778/95 997/780/95 1015/779/95
f 1034/777/95 999/778/95 1015/779/95
f 1041/775/95 1000/768/95 999/778/95 1042/776/95
f 999/778/95 998/781/95 997/780/95
f 1008/771/95 1020/783/95 1002/782/95 1000/768/95
f 1002/782/95 1001/784/95 1000/768/95
f 1007/786/95 1016/785/95 1002/782/95 1020/783/95
f 1003/788/95 1017/787/95 1016/785/95 1007/786/95
f 1007/786/95 1006/790/95 1018/789/95 1003/788/95
f 1006/790/95 1005/792/95 1004/791/95 1018/789/95
f 1005/792/95 1019/793/95 1004/791/95
f 1043/796/97 1032/795/97 1044/794/97
f 1044/794/97 1032/795/97 1035/798/97
f 1011/801/97 1031/800/97 1032/795/97 1024/799/97
f 1045/803/97 1024/799/97 1046/802/97
f 1024/799/97 1032/795/97 1043/796/97 1046/802/97
f 1011/801/97 1025/805/97 1014/804/97 1031/800/97
f 1012/808/97 1030/807/97 1014/804/97 1027/806/97
f 1025/805/97 1026/809/97 1027/806/97 1014/804/97
f 1028/811/97 1013/810/97 1030/807/97 1012/808/97
f 1028/811/97 1029/812/97 1013/810/97
f 1024/799/97 1010/813/97 1011/801/97
f 1048/816/97 1047/815/97 1023/814/97 1024/799/97
f 1048/816/97 1024/799/97 1045/803/97
f 1009/818/97 1022/817/97 1023/814/97
f 1023/814/97 1033/820/97 1021/819/97
f 1021/819/97 1009/818/97 1023/814/97
f 1033/820/97 1023/814/97 1047/815/97
f 1055/823/184 1049/822/183 1050/821/182
f 1042/827/185 1034/826/186 1033/825/185
f 1041/830/157 1038/829/157 1051/828/157
f 1053/834/188 1056/833/188 1046/832/187
f 1050/821/182 1054/835/189 1055/823/184
f 1038/839/190 1041/838/191 1047/837/191 1048/836/190
f 1056/833/188 1053/834/188 1052/840/192
f 1033/825/185 1047/837/191 1041/838/191 1042/827/185
f 1050/821/182 1053/834/188 1046/832/187 1054/835/189
f 1038/839/190 1048/836/190 1056/833/188 1052/840/192

v -302.43731689453125 13.60046482086182 -61.38930892944336
v -302.43411254882812 14.47025299072266 -61.38930892944336
v -302.4371337890625 13.60046482086182 -60.38930892944336
v 108.00387573242188 2.37531423568726 -60.46923446655273
v 108.00121307373047 14.47025299072266 -60.46923446655273
v 108.00368499755859 2.37531423568726 -61.46923446655273
v 93.10108184814453 14.47025299072266 -60.46633148193359
v 93.10088348388672 14.47025299072266 -61.46633148193359
v 98.20342254638672 14.47025299072266 -61.46732711791992
v 108.00102233886719 14.47025299072266 -61.46923446655273
v 98.20362091064453 14.47025299072266 -60.46732711791992
v -302.43392944335938 14.47025299072266 -60.38930892944336
v -302.407470703125 14.47025299072266 -60.38931655883789
v -302.40765380859375 14.47025299072266 -61.38931655883789
v 108.00387573242188 14.47025299072266 -60.46923446655273
v 108.00368499755859 14.47025299072266 -61.46923446655273
v -301.36325073242188 1.31878268718719 -60.38951873779297
v -301.36343383789062 1.31878268718719 -61.38951873779297
v 107.69313812255859 1.31878268718719 -60.46917343139648
v 107.69293975830078 1.31878268718719 -61.46917343139648
v 91.06149291992188 1.31878268718719 -61.46593475341797
v 94.95071411132812 1.31878268718719 -61.46669387817383
v 106.67708587646484 1.31878268718719 -61.46897506713867
v 106.67778015136719 1.31878268718719 -61.46897506713867
v -214.74543762207031 1.31878268718719 -61.40638732910156
v -297.5374755859375 1.31878268718719 -61.39026260375977
v 106.67728424072266 1.31878268718719 -60.46897506713867
v 106.67797088623047 1.31878268718719 -60.46897506713867
v 91.06168365478516 1.31878268718719 -60.46593475341797
v 94.95091247558594 1.31878268718719 -60.46669387817383
v -297.53729248046875 1.31878268718719 -60.39026260375977
v -214.7452392578125 1.31878268718719 -60.40638732910156
v 107.69313812255859 1.31878268718719 -60.46917343139648
v 107.69293975830078 1.31878268718719 -61.46917343139648
# 34 vertices

vn -0.99619907140732 -0.08710543811321 0.00018240629288
vn 0.95936626195908 -0.28216367959976 -0.00018664696836
vn 1 0 -0.00019073484873
vn -0.00019486852398 -0.0000006389987 -1
vn -0.00019494089065 0.00000010604187 -1
vn -0.00019488061662 0.00000001224823 -1
vn -0.00009730250167 -0.00000990274111 -1
vn -0.00009795436927 -0.00000986811847 -1
vn -0.00019590873853 -0.00000001197215 -1
vn -0.00024153722916 -0.00000053339039 -1
vn -0.0002133975795 -0.00000018571238 -1
vn -0.0001947436831 0.00000002768577 -1
vn -0.00028835065314 0.00000106229902 -0.99999994039536
vn -0.00019459391478 0.00000001592466 -1
vn -0.00019442604389 0.00000008284729 -1
vn 0.00009730254533 0.000009902481 1
vn 0.00009795519873 0.00000986786836 1
vn 0.00019591039745 0.00000001204617 1
vn 0.00019494080334 -0.00000010755046 1
vn 0.00019486846577 0.0000006385439 1
vn 0.00019488055841 -0.00000001363966 1
vn 0.00019459388568 -0.00000001588436 1
vn 0.0002133975504 0.00000018602262 1
vn 0.00019474365399 -0.00000002773656 1
vn 0.00024153721461 0.00000053421678 1
vn 0.00028835065314 -0.00000106229902 0.99999994039536
vn 0.00019442604389 -0.00000008284729 1
vn 0 -1 0
vn -0 -1 -0
vn -0 -1 -0
vn 0 1 0
# 31 normals

vt 0.99201613664627 0.50591683387756 0
vt 0.99201613664627 0.97560811042786 0
vt 0.99321907758713 0.97560811042786 0
vt 0.99241709709167 0.81904435157776 0
vt 0.99321907758713 0.98166769742966 0
vt 0.99201613664627 0.98166769742966 0
vt 0.99201613664627 0.99330294132233 0
vt 0.41915982961655 0.36626243591309 0
vt 0.43393468856812 0.36626243591309 0
vt 0.43393468856812 0.36507487297058 0
vt 0.41915982961655 0.36507487297058 0
vt 0.3454150557518 0.37208211421967 0
vt 0.34668603539467 0.37208211421967 0
vt 0.34668603539467 0.37089455127716 0
vt 0.3454150557518 0.37089455127716 0
vt 0.36123624444008 0.37089455127716 0
vt 0.36123624444008 0.37208211421967 0
vt 0.60249900817871 0.47642040252686 0
vt 0.58667778968811 0.47399854660034 0
vt 0.58667778968811 0.4786171913147 0
vt 0.60249900817871 0.4824800491333 0
vt 0.58667778968811 0.49254310131073 0
vt 0.60249900817871 0.49411535263062 0
vt 0.60249900817871 0.49411845207214 0
vt 0.58667778968811 0.49254381656647 0
vt 0.58667778968811 0.49374938011169 0
vt 0.5879487991333 0.49411845207214 0
vt 0.60249900817871 0.00672912597656 0
vt 0.60145264863968 0.00669395923615 0
vt 0.59458839893341 0.4778790473938 0
vt 0.58667778968811 0.11083352565765 0
vt 0.60249900817871 0.00669777393341 0
vt 0.99201613664627 0.9933061003685 0
vt 0.99321907758713 0.9933061003685 0
vt 0.99321907758713 0.99330294132233 0
vt 0.58667778968811 0.0125128030777 0
vt 0.58667778968811 0.00796926021576 0
vt 0.57311600446701 0.49254310131073 0
vt 0.55729484558105 0.49411535263062 0
vt 0.55729484558105 0.49411845207214 0
vt 0.57311600446701 0.49254381656647 0
vt 0.57311600446701 0.49374938011169 0
vt 0.57184499502182 0.49411845207214 0
vt 0.57311600446701 0.47399854660034 0
vt 0.55729484558105 0.47642040252686 0
vt 0.55729484558105 0.4824800491333 0
vt 0.57311600446701 0.4786171913147 0
vt 0.57311600446701 0.0125128030777 0
vt 0.55834120512009 0.00669395923615 0
vt 0.57311600446701 0.11083352565765 0
vt 0.56520545482636 0.49333012104034 0
vt 0.55729484558105 0.00672912597656 0
vt 0.55729484558105 0.00669777393341 0
vt 0.57311600446701 0.00796926021576 0
vt 0.81526207923889 0.4937709569931 0
vt 0.81526207923889 0.49256539344788 0
vt 0.81405907869339 0.4937709569931 0
vt 0.81486105918884 0.49336910247803 0
vt 0.81405907869339 0.00799071788788 0
vt 0.81405907869339 0.01253426074982 0
vt 0.81526207923889 0.00799071788788 0
vt 0.81526207923889 0.11085498332977 0
vt 0.81526207923889 0.01253426074982 0
vt 0.81405907869339 0.47402000427246 0
vt 0.47615233063698 0.36626160144806 0
vt 0.47615233063698 0.36626243591309 0
vt 0.47615233063698 0.35233581066132 0
vt 0.47615233063698 0.36161994934082 0
vt 0.81526207923889 0.49256455898285 0
vt 0.81405907869339 0.11085498332977 0
vt 0.02034267969429 0.36237478256226 0
vt 0.02034267969429 0.36358034610748 0
vt 0.02034267969429 0.34844815731049 0
vt 0.02034267969429 0.35813438892364 0
vt 0.81526207923889 0.47863876819611 0
vt 0.81526207923889 0.47402000427246 0
vt 0.81405907869339 0.47863876819611 0
# 77 texture coordinates

o Languette
usemtl Paquet
f 1063/843/97 1064/842/97 1070/841/97
f 1066/847/97 1065/846/97 1063/843/97 1067/845/97
f 1073/851/193 1059/850/193 1057/849/193 1074/848/193
f 1076/855/194 1062/854/194 1060/853/194 1075/852/194
f 1071/857/195 1060/853/195 1062/854/195 1072/856/195
f 1065/861/198 1078/860/198 1077/859/197 1064/858/196
f 1078/860/198 1065/861/198 1066/863/199 1079/862/199
f 1062/867/201 1076/866/201 1080/865/200 1072/864/200
f 1072/864/200 1080/865/200 1079/862/199 1066/863/199
f 1057/869/203 1070/868/202 1064/858/196
f 1057/869/203 1064/858/196 1077/859/197 1081/871/204
f 1070/868/202 1057/869/203 1058/872/205
f 1066/847/97 1061/875/97 1071/874/97 1072/873/97
f 1063/843/97 1065/846/97 1064/842/97
f 1074/877/207 1057/869/203 1082/876/206
f 1082/876/206 1057/869/203 1081/871/204
f 1084/881/209 1071/880/209 1061/879/208 1083/878/208
f 1060/883/210 1071/880/209 1084/881/209 1075/882/210
f 1086/887/213 1067/886/213 1063/885/212 1085/884/211
f 1086/887/213 1083/878/208 1061/879/208 1067/886/213
f 1088/890/216 1059/889/215 1087/888/214
f 1063/885/212 1069/892/217 1059/889/215
f 1059/889/215 1088/890/216 1085/884/211 1063/885/212
f 1068/893/218 1059/889/215 1069/892/217
f 1087/888/214 1059/889/215 1073/894/219
f 1066/847/97 1067/845/97 1061/875/97
f 1089/897/95 1080/896/220 1090/895/220
f 1074/901/95 1087/900/95 1073/899/95
f 1085/904/222 1082/903/95 1081/902/221
f 1086/907/223 1084/906/223 1083/905/223
f 1089/897/95 1079/909/95 1080/896/220
f 1074/901/95 1088/910/95 1087/900/95
f 1086/913/222 1089/912/95 1084/911/95
f 1089/897/95 1078/915/95 1079/909/95
f 1086/917/222 1077/916/221 1078/915/95 1089/897/95
f 1074/901/95 1082/903/95 1085/904/222 1088/910/95
f 1086/917/222 1085/904/222 1081/902/221 1077/916/221

v -302.23257446289062 1.7302827835083 35.57929229736328
v -276.24502563476562 1.7302827835083 30.01804351806641
v -274.84564208984375 1.7302827835083 29.59986686706543
v -273.65615844726562 1.7302827835083 29.07108688354492
v -271.40625 1.7302827835083 27.59747123718262
v -270.53277587890625 1.7302827835083 26.80638122558594
v -269.68136596679688 1.7302827835083 25.86642646789551
v -266.98892211914062 1.7302827835083 20.37648582458496
v -266.61724853515625 1.7302827835083 18.51109886169434
v -266.39007568359375 1.7302827835083 15.67757415771484
v -266.7598876953125 1.7302827835083 -42.57271957397461
v -266.77139282226562 1.7302827835083 -42.89750289916992
v -266.85238647460938 1.7302827835083 -43.60535049438477
v -267.06936645507812 1.7302827835083 -44.63263702392578
v -267.38565063476562 1.7302827835083 -45.63531112670898
v -267.86575317382812 1.7302827835083 -46.7581672668457
v -269.20281982421875 1.7302827835083 -48.89971923828125
v -270.97003173828125 1.7302827835083 -50.78487396240234
v -272.10708618164062 1.7302827835083 -51.70246887207031
v -273.4322509765625 1.7302827835083 -52.58234405517578
v -274.9599609375 1.7302827835083 -53.4087028503418
v -277.33685302734375 1.7302827835083 -54.39996337890625
v -290.69046020507812 1.7302827835083 -58.60931396484375
v -302.23257446289062 2.7302827835083 35.57929229736328
v -276.24502563476562 2.7302827835083 30.01804351806641
v -275.73159790039062 2.7302827835083 29.89400672912598
v -274.84564208984375 2.7302827835083 29.59986686706543
v -273.65615844726562 2.7302827835083 29.07108688354492
v -272.56265258789062 2.7302827835083 28.44156074523926
v -269.68136596679688 2.7302827835083 25.86642646789551
v -268.87664794921875 2.7302827835083 24.76553344726562
v -268.14324951171875 2.7302827835083 23.49162864685059
v -266.98892211914062 2.7302827835083 20.37648582458496
v -266.61724853515625 2.7302827835083 18.51109886169434
v -266.7598876953125 2.7302827835083 -42.57271957397461
v -266.77139282226562 2.7302827835083 -42.89750289916992
v -267.38565063476562 2.7302827835083 -45.63531112670898
v -270.00674438476562 2.7302827835083 -49.84535598754883
v -270.97003173828125 2.7302827835083 -50.78487396240234
v -272.10708618164062 2.7302827835083 -51.70246887207031
v -273.4322509765625 2.7302827835083 -52.58234405517578
v -274.9599609375 2.7302827835083 -53.4087028503418
v -290.69046020507812 2.7302827835083 -58.60931396484375
v -295.97805786132812 2.7302827835083 -59.95252227783203
v -295.4219970703125 1.7302827835083 34.32334518432617
v -275.73159790039062 1.7302827835083 29.89400672912598
v -272.56265258789062 1.7302827835083 28.44156074523926
v -268.87664794921875 1.7302827835083 24.76553344726562
v -268.14324951171875 1.7302827835083 23.49162864685059
v -267.50579833984375 1.7302827835083 22.03263664245605
v -266.4622802734375 1.7302827835083 17.14530563354492
v -268.5438232421875 1.7302827835083 -47.96376037597656
v -270.00674438476562 1.7302827835083 -49.84535598754883
v -295.97805786132812 1.7302827835083 -59.95252227783203
v -295.4219970703125 2.7302827835083 34.32334518432617
v -271.40625 2.7302827835083 27.59747123718262
v -270.53277587890625 2.7302827835083 26.80638122558594
v -267.50579833984375 2.7302827835083 22.03263664245605
v -266.4622802734375 2.7302827835083 17.14530563354492
v -266.39007568359375 2.7302827835083 15.67757415771484
v -266.85238647460938 2.7302827835083 -43.60535049438477
v -267.06936645507812 2.7302827835083 -44.63263702392578
v -267.86575317382812 2.7302827835083 -46.7581672668457
v -268.5438232421875 2.7302827835083 -47.96376037597656
v -269.20281982421875 2.7302827835083 -48.89971923828125
v -277.33685302734375 2.7302827835083 -54.39996337890625
v -302.31231689453125 2.7302827835083 35.57930755615234
v -302.31231689453125 1.7302827835083 35.57930755615234
v -302.3311767578125 2.7302827835083 -61.25443649291992
v -302.3311767578125 1.7302827835083 -61.25443649291992
v -302.32470703125 1.7302827835083 -28.03318214416504
v -302.32470703125 1.7302827835083 -27.96416854858398
v -302.32470703125 2.7302827835083 -27.96416854858398
v -302.32470703125 2.7302827835083 -28.03318214416504
# 74 vertices

vn -0 1 0
vn -0 1 0
vn 0.00019135093316 0 1
vn 0.18135334551334 0 0.98341798782349
vn 0.21905128657818 0 0.97571337223053
vn 0.23483008146286 0 0.97203642129898
vn 0.27520045638084 0 0.96138685941696
vn 0.36108469963074 0 0.93253302574158
vn 0.45318296551704 0 0.89141750335693
vn 0.54504549503326 0 0.83840650320053
vn 0.63130742311478 0 0.77553272247314
vn 0.70708417892456 0 0.70712941884994
vn 0.77529805898666 0 0.63159549236298
vn 0.83821851015091 0 0.54533451795578
vn 0.89285904169083 0 0.45033621788025
vn 0.93687379360199 0 0.34966763854027
vn 0.96901285648346 0 0.24701038002968
vn 0.98803836107254 0 0.15420846641064
vn 0.99671578407288 0 0.08097913116217
vn 0.99977093935013 0 0.02140160277486
vn 0.99997985363007 0 -0.00634854380041
vn 0.9993731379509 0 -0.03540180251002
vn 0.99721366167068 0 -0.07459872215986
vn 0.98706072568893 0 -0.16034686565399
vn 0.96719259023666 0 -0.25404423475266
vn 0.93771439790726 0 -0.34740719199181
vn 0.89685255289078 0 -0.44232967495918
vn 0.84570968151093 0 -0.53364324569702
vn 0.79059284925461 0 -0.61234223842621
vn 0.73084807395935 0 -0.68254011869431
vn 0.66384530067444 0 -0.74786996841431
vn 0.59121406078339 0 -0.80651468038559
vn 0.51498335599899 0 -0.85720020532608
vn 0.4308865070343 0 -0.90240609645844
vn 0.34311974048614 0 -0.9392916560173
vn 0.2735341489315 0 -0.96186226606369
vn 0.24621003866196 0 -0.96921646595001
vn 0.20075331628323 0 -0.97964185476303
vn 0 1 -0
vn 0 1 -0
vn -0 1 0
vn -0 1 0
# 42 normals

vt 0.23084186017513 0.45153427124023 0
vt 0.23452630639076 0.45227670669556 0
vt 0.23332001268864 0.45190131664276 0
vt 0.23208414018154 0.45164382457733 0
vt 0.2312325835228 0.45154786109924 0
vt 0.23269307613373 0.45183897018433 0
vt 0.1607667952776 0.45110857486725 0
vt 0.15900114178658 0.4511946439743 0
vt 0.1435175538063 0.462815284729 0
vt 0.13834278285503 0.48559010028839 0
vt 0.15735812485218 0.45137894153595 0
vt 0.12089645117521 0.37815570831299 0
vt 0.12089645117521 0.3780609369278 0
vt 0.11969345062971 0.3780609369278 0
vt 0.11969345062971 0.37815570831299 0
vt 0.12089645117521 0.36997270584106 0
vt 0.11969345062971 0.36997270584106 0
vt 0.12089645117521 0.34719789028168 0
vt 0.11969345062971 0.34719789028168 0
vt 0.12089645117521 0.34658813476562 0
vt 0.11969345062971 0.34658813476562 0
vt 0.12089645117521 0.34553587436676 0
vt 0.11969345062971 0.34553587436676 0
vt 0.12089645117521 0.34412312507629 0
vt 0.11969345062971 0.34412312507629 0
vt 0.12089645117521 0.34282445907593 0
vt 0.11969345062971 0.34282445907593 0
vt 0.12089645117521 0.34145092964172 0
vt 0.11969345062971 0.34145092964172 0
vt 0.12089645117521 0.34041345119476 0
vt 0.11969345062971 0.34041345119476 0
vt 0.37829229235649 0.39470386505127 0
vt 0.37829229235649 0.39351630210876 0
vt 0.37716174125671 0.39351630210876 0
vt 0.37716174125671 0.39470386505127 0
vt 0.37583756446838 0.39351630210876 0
vt 0.37583756446838 0.39470386505127 0
vt 0.37430521845818 0.39351630210876 0
vt 0.37430521845818 0.39470386505127 0
vt 0.37255021929741 0.39351630210876 0
vt 0.37255021929741 0.39470386505127 0
vt 0.37055799365044 0.39351630210876 0
vt 0.37055799365044 0.39470386505127 0
vt 0.36831402778625 0.39351630210876 0
vt 0.36831402778625 0.39470386505127 0
vt 0.3666709959507 0.39351630210876 0
vt 0.3666709959507 0.39470386505127 0
vt 0.36490532755852 0.39351630210876 0
vt 0.36490532755852 0.39470386505127 0
vt 0.2948302924633 0.39351630210876 0
vt 0.2948302924633 0.39470386505127 0
vt 0.29443955421448 0.39351630210876 0
vt 0.29443955421448 0.39470386505127 0
vt 0.29358801245689 0.39351630210876 0
vt 0.29358801245689 0.39470386505127 0
vt 0.2923521399498 0.39351630210876 0
vt 0.2923521399498 0.39470386505127 0
vt 0.29114583134651 0.39351630210876 0
vt 0.29114583134651 0.39470386505127 0
vt 0.289794921875 0.39351630210876 0
vt 0.289794921875 0.39470386505127 0
vt 0.28834444284439 0.39351630210876 0
vt 0.28834444284439 0.39470386505127 0
vt 0.28721833229065 0.39351630210876 0
vt 0.28721833229065 0.39470386505127 0
vt 0.28608053922653 0.39351630210876 0
vt 0.28608053922653 0.39470386505127 0
vt 0.27251875400543 0.37089455127716 0
vt 0.27131575345993 0.37089455127716 0
vt 0.27131575345993 0.3720383644104 0
vt 0.27251875400543 0.3720383644104 0
vt 0.27131575345993 0.37338840961456 0
vt 0.27251875400543 0.37338840961456 0
vt 0.27131575345993 0.37496197223663 0
vt 0.27251875400543 0.37496197223663 0
vt 0.27131575345993 0.37677597999573 0
vt 0.27251875400543 0.37677597999573 0
vt 0.27131575345993 0.37959849834442 0
vt 0.27251875400543 0.37959849834442 0
vt 0.27131575345993 0.39545583724976 0
vt 0.27251875400543 0.39545583724976 0
vt 0.27131575345993 0.40173482894897 0
vt 0.27251875400543 0.40173482894897 0
vt 0.27251875400543 0.40927922725677 0
vt 0.27131575345993 0.40927922725677 0
vt 0.155114158988 0.45182085037231 0
vt 0.15312193334103 0.45243501663208 0
vt 0.1513669192791 0.4531923532486 0
vt 0.14983458817005 0.45406365394592 0
vt 0.14851041138172 0.45501947402954 0
vt 0.14737984538078 0.45603084564209 0
vt 0.14642836153507 0.45706832408905 0
vt 0.14541320502758 0.45844185352325 0
vt 0.14465613663197 0.45974051952362 0
vt 0.14402028918266 0.46115326881409 0
vt 0.04682901874185 0.49377310276031 0
vt 0.00834858324379 0.48622870445251 0
vt 0.04674599319696 0.49377310276031 0
vt 0.07543024420738 0.49186325073242 0
vt 0.00678089354187 0.49377310276031 0
vt 0.12327168881893 0.49377310276031 0
vt 0.12327168881893 0.49367833137512 0
vt 0.12176238000393 0.48559010028839 0
vt 0.09933836013079 0.45110857486725 0
vt 0.11658760160208 0.462815284729 0
vt 0.10110402107239 0.4511946439743 0
vt 0.11643850803375 0.46220552921295 0
vt 0.11608486622572 0.46115326881409 0
vt 0.11544901877642 0.45974051952362 0
vt 0.11469195783138 0.45844185352325 0
vt 0.11367679387331 0.45706832408905 0
vt 0.11272531747818 0.45603084564209 0
vt 0.11159475147724 0.45501947402954 0
vt 0.11027056723833 0.45406365394592 0
vt 0.10873823612928 0.4531923532486 0
vt 0.10698322206736 0.45243501663208 0
vt 0.10499099642038 0.45182085037231 0
vt 0.1027470305562 0.45137894153595 0
vt 0.0292632933706 0.45153427124023 0
vt 0.00996570009738 0.47994959354401 0
vt 0.02887257747352 0.45154786109924 0
vt 0.02802101708949 0.45164382457733 0
vt 0.02678514271975 0.45190131664276 0
vt 0.02557885460556 0.45227670669556 0
vt 0.02422794885933 0.45284652709961 0
vt 0.02277746796608 0.45365154743195 0
vt 0.02165135368705 0.45443391799927 0
vt 0.02051356621087 0.4553884267807 0
vt 0.01938310451806 0.45653212070465 0
vt 0.01827897503972 0.4578822851181 0
vt 0.01722017489374 0.45945572853088 0
vt 0.01622570678592 0.46126985549927 0
vt 0.01503266580403 0.46409237384796 0
vt 0.14366665482521 0.46220552921295 0
vt 0.13683347404003 0.49367833137512 0
vt 0.13683347404003 0.49377310276031 0
vt 0.21327614784241 0.49377310276031 0
vt 0.25175657868385 0.48622870445251 0
vt 0.25332427024841 0.49377310276031 0
vt 0.21335916221142 0.49377310276031 0
vt 0.25013944506645 0.47994959354401 0
vt 0.24507249891758 0.46409237384796 0
vt 0.24387945234776 0.46126985549927 0
vt 0.242884978652 0.45945572853088 0
vt 0.24182619154453 0.4578822851181 0
vt 0.24072206020355 0.45653212070465 0
vt 0.23959159851074 0.4553884267807 0
vt 0.23845380544662 0.45443391799927 0
vt 0.23732769489288 0.45365154743195 0
vt 0.23587721586227 0.45284652709961 0
# 150 texture coordinates

o Rabat_Languette_bas_
usemtl Paquet
f 1151/921/97 1152/920/97 1127/919/225 1125/918/224
f 1125/918/224 1126/922/97 1151/921/97
f 1145/927/97 1115/926/97 1149/925/97 1150/924/97
f 1115/926/97 1124/928/97 1149/925/97
f 1158/932/226 1091/931/226 1114/930/226 1157/929/226
f 1135/934/227 1145/933/227 1114/930/227 1091/931/227
f 1092/936/228 1115/935/228 1145/933/228 1135/934/228
f 1136/938/230 1116/937/230 1115/935/229 1092/936/229
f 1093/940/231 1117/939/231 1116/937/230 1136/938/230
f 1094/942/232 1118/941/232 1117/939/231 1093/940/231
f 1137/944/233 1119/943/233 1118/941/232 1094/942/232
f 1095/946/234 1146/945/234 1119/943/233 1137/944/233
f 1096/948/235 1147/947/235 1146/945/234 1095/946/234
f 1097/952/236 1120/951/236 1147/950/235 1096/949/235
f 1138/954/237 1121/953/237 1120/951/236 1097/952/236
f 1139/956/238 1122/955/238 1121/953/237 1138/954/237
f 1140/958/239 1148/957/239 1122/955/238 1139/956/238
f 1098/960/240 1123/959/240 1148/957/239 1140/958/239
f 1099/962/241 1124/961/241 1123/959/240 1098/960/240
f 1141/964/242 1149/963/242 1124/961/241 1099/962/241
f 1100/966/243 1150/965/243 1149/963/242 1141/964/242
f 1101/968/244 1125/967/244 1150/965/243 1100/966/243
f 1102/970/246 1126/969/246 1125/967/245 1101/968/245
f 1103/972/247 1151/971/247 1126/969/246 1102/970/246
f 1104/974/248 1152/973/248 1151/971/247 1103/972/247
f 1105/976/249 1127/975/249 1152/973/248 1104/974/248
f 1106/978/250 1153/977/250 1127/975/249 1105/976/249
f 1142/980/251 1154/979/251 1153/977/250 1106/978/250
f 1107/982/252 1155/981/252 1154/979/251 1142/980/251
f 1143/984/253 1128/983/253 1155/981/252 1107/982/252
f 1108/988/254 1129/987/254 1128/986/253 1143/985/253
f 1109/990/255 1130/989/255 1129/987/254 1108/988/254
f 1110/992/256 1131/991/256 1130/989/255 1109/990/255
f 1111/994/257 1132/993/257 1131/991/256 1110/992/256
f 1112/996/258 1156/995/258 1132/993/257 1111/994/257
f 1113/998/259 1133/997/259 1156/995/258 1112/996/258
f 1144/1000/260 1134/999/260 1133/997/259 1113/998/259
f 1159/1002/261 1134/999/261 1144/1000/261 1160/1001/261
f 1148/1004/97 1123/1003/97 1124/928/97 1115/926/97
f 1121/1006/97 1122/1005/97 1148/1004/97 1115/926/97
f 1147/1008/97 1120/1007/97 1121/1006/97 1115/926/97
f 1119/1010/97 1146/1009/97 1147/1008/97 1115/926/97
f 1117/1012/97 1118/1011/97 1119/1010/97 1115/926/97
f 1161/1015/95 1144/1014/95 1162/1013/95
f 1160/1017/95 1144/1014/95 1161/1015/95
f 1144/1014/95 1091/1019/95 1158/1018/95 1162/1013/95
f 1100/1021/95 1135/1020/95 1091/1019/95 1144/1014/95
f 1141/1023/95 1092/1022/95 1135/1020/95 1100/1021/95
f 1093/1025/95 1136/1024/95 1092/1022/95
f 1137/1027/95 1094/1026/95 1093/1025/95 1092/1022/95
f 1096/1029/95 1095/1028/95 1137/1027/95 1092/1022/95
f 1138/1031/95 1097/1030/95 1096/1029/95 1092/1022/95
f 1140/1033/95 1139/1032/95 1138/1031/95 1092/1022/95
f 1099/1035/95 1098/1034/95 1140/1033/95 1092/1022/95
f 1141/1023/95 1099/1035/95 1092/1022/95
f 1144/1014/95 1113/1037/95 1101/1036/95 1100/1021/95
f 1103/1039/95 1102/1038/95 1101/1036/95
f 1105/1041/95 1104/1040/95 1103/1039/95 1101/1036/95
f 1142/1043/95 1106/1042/95 1105/1041/95 1101/1036/95
f 1143/1045/95 1107/1044/95 1142/1043/95 1101/1036/95
f 1109/1047/95 1108/1046/95 1143/1045/95 1101/1036/95
f 1111/1049/95 1110/1048/95 1109/1047/95 1101/1036/95
f 1113/1037/95 1112/1050/95 1111/1049/95 1101/1036/95
f 1115/926/97 1116/1051/97 1117/1012/97
f 1134/1055/97 1163/1054/97 1157/1053/97 1114/1052/97
f 1164/1057/97 1134/1055/97 1159/1056/97
f 1163/1054/97 1134/1055/97 1164/1057/97
f 1125/918/224 1133/1058/97 1134/1055/97 1150/924/97
f 1114/1052/97 1145/927/97 1150/924/97 1134/1055/97
f 1132/1060/97 1156/1059/97 1133/1058/97 1125/918/224
f 1130/1062/97 1131/1061/97 1132/1060/97 1125/918/224
f 1128/1064/262 1129/1063/97 1130/1062/97 1125/918/224
f 1154/1066/264 1155/1065/263 1128/1064/262 1125/918/224
f 1127/919/225 1153/1067/265 1154/1066/264 1125/918/224

v -302.32586669921875 14.47426700592041 35.50917053222656
v -302.3447265625 14.14132881164551 -61.42839813232422
v -301.34469604492188 2.49125647544861 -61.24936294555664
v -301.3447265625 14.14132881164551 -61.42859268188477
v -302.34469604492188 2.49125647544861 -61.24916839599609
v -301.32717895507812 14.47426700592041 28.79759407043457
v -301.32586669921875 14.47426700592041 35.50897598266602
v -301.3258056640625 14.47426700592041 35.715087890625
v -302.3258056640625 14.47426700592041 35.71528244018555
v -302.34475708007812 14.47426700592041 -61.47805404663086
v -301.34475708007812 14.47426700592041 -61.47824859619141
v -301.34283447265625 14.47426700592041 -51.66869735717773
v -302.34283447265625 14.47426700592041 -51.66850280761719
v -302.32717895507812 14.47426700592041 28.79778861999512
v -301.3258056640625 1.79811894893646 35.715087890625
v -302.3258056640625 1.79811894893646 35.71528244018555
v -301.34466552734375 1.79811894893646 -61.107177734375
v -302.34466552734375 1.79811894893646 -61.10698318481445
v -302.3382568359375 1.79811894893646 -28.17837524414062
v -302.3382568359375 1.79811894893646 -28.10997009277344
v -301.3382568359375 1.79811894893646 -28.11016464233398
v -301.3382568359375 1.79811894893646 -28.17856979370117
# 22 vertices

vn 0.00019454956055 0 1
vn -0.00019058001635 -0.20094841718674 -0.97960180044174
vn -0.0001945218537 -0.01538261119276 -0.99988168478012
vn -1 -0.00004142037869 0.00019527666154
vn -1 -0.00002748941915 0.00019501219504
vn -1 -0.00006242989912 0.00019599340158
vn -1 -0.00000916944828 0.00019485670782
vn -1 0.00011716721929 0.0001715743856
vn -1 0.00011606732733 0.00017146373284
vn -1 0.00007488822303 0.00017948480672
vn -1 -0.00000219978756 0.00019486094243
vn -1 -0.00000309909137 0.00019495704328
vn -1 0 0.0001950822334
vn 0 1 0
vn 1 0.00006243004464 -0.00019599340158
vn 1 0.00002748871702 -0.00019501219504
vn 1 0.00004141933823 -0.00019527666154
vn 1 0.00000916875797 -0.00019485670782
vn 0 1 0
vn 1 0.00000309898815 -0.00019495704328
vn 1 -0.00007542782987 -0.00017948367167
vn 1 0 -0.0001950822334
vn 1 -0.0001179764804 -0.00017157269758
vn 1 0.0000021993244 -0.00019486091333
vn 1 -0.00011687682127 -0.00017146204482
# 25 normals

vt 0.37479802966118 0.35702848434448 0
vt 0.37479802966118 0.37208211421967 0
vt 0.37600103020668 0.37208211421967 0
vt 0.37600103020668 0.35702848434448 0
vt 0.44749647378922 0.35160410404205 0
vt 0.44749647378922 0.3524272441864 0
vt 0.44869947433472 0.3524272441864 0
vt 0.44869947433472 0.35160410404205 0
vt 0.44749647378922 0.36626243591309 0
vt 0.44869947433472 0.36626243591309 0
vt 0.40418553352356 0.43772077560425 0
vt 0.39244440197945 0.43732535839081 0
vt 0.39238467812538 0.43772077560425 0
vt 0.39633819460869 0.43758893013 0
vt 0.50098633766174 0.43772077560425 0
vt 0.43252640962601 0.42266702651978 0
vt 0.43244412541389 0.42266702651978 0
vt 0.50906008481979 0.43772077560425 0
vt 0.50930804014206 0.43772077560425 0
vt 0.3928310573101 0.42266702651978 0
vt 0.39266002178192 0.42349016666412 0
vt 0.50930804014206 0.42266702651978 0
vt 0.40559804439545 0.36507487297058 0
vt 0.4053501188755 0.36507487297058 0
vt 0.40559804439545 0.36626243591309 0
vt 0.40551540255547 0.36547064781189 0
vt 0.27574151754379 0.43724238872528 0
vt 0.27598944306374 0.43724238872528 0
vt 0.26766774058342 0.43724238872528 0
vt 0.27313289046288 0.43724238872528 0
vt 0.50930804014206 0.40927922725677 0
vt 0.50924831628799 0.40888392925262 0
vt 0.49750718474388 0.40927922725677 0
vt 0.50535452365875 0.40914750099182 0
vt 0.40070641040802 0.40927922725677 0
vt 0.39727631211281 0.36507487297058 0
vt 0.50903272628784 0.39504873752594 0
vt 0.39263263344765 0.40927922725677 0
vt 0.39238467812538 0.3942254781723 0
vt 0.39238467812538 0.40927922725677 0
vt 0.46916630864143 0.3942254781723 0
vt 0.50886166095734 0.3942254781723 0
vt 0.46924859285355 0.3942254781723 0
# 43 texture coordinates

o Languette_bas
usemtl Paquet
f 1179/1071/266 1172/1070/266 1173/1069/266 1180/1068/266
f 1182/1075/267 1169/1074/267 1167/1073/267 1181/1072/267
f 1166/1077/268 1168/1076/268 1167/1073/268 1169/1074/268
f 1174/1080/271 1166/1079/270 1177/1078/269
f 1177/1078/269 1166/1079/270 1178/1082/272
f 1173/1086/273 1165/1085/275 1183/1084/274 1184/1083/273
f 1183/1084/274 1165/1085/275 1169/1088/277 1182/1087/276
f 1180/1089/278 1173/1086/273 1184/1083/273
f 1178/1082/272 1166/1079/270 1169/1088/277
f 1178/1082/272 1169/1088/277 1165/1085/275
f 1172/1092/279 1165/1091/279 1173/1090/279
f 1170/1096/95 1172/1095/95 1171/1094/95
f 1176/1100/282 1168/1099/281 1175/1098/280
f 1170/1102/283 1168/1099/281 1176/1100/282
f 1172/1092/279 1178/1103/284 1165/1091/279
f 1167/1104/285 1168/1099/281 1170/1102/283
f 1171/1105/286 1167/1104/285 1170/1102/283
f 1185/1108/288 1172/1107/288 1179/1106/287
f 1186/1110/290 1181/1109/289 1167/1104/285 1171/1105/286
f 1185/1108/288 1186/1110/290 1171/1105/286 1172/1107/288

v -301.3687744140625 13.4802827835083 -60.86473846435547
v 108.00362396240234 14.4802827835083 -26.21343231201172
v -301.3687744140625 14.4802827835083 -60.86473846435547
v 108.00362396240234 13.4802827835083 -26.21343231201172
v 107.99676513671875 13.4802827835083 -61.43866348266602
v 107.99676513671875 14.4802827835083 -61.43866348266602
v -301.36746215820312 13.4802827835083 -61.35895156860352
v -301.36746215820312 14.4802827835083 -61.35895156860352
v -149.91481018066406 14.4802827835083 -61.38844299316406
v -149.91481018066406 13.4802827835083 -61.38844299316406
v 108.00322723388672 13.4802827835083 -25.53522491455078
v 108.00322723388672 14.4802827835083 -25.53522491455078
v -301.18804931640625 13.4802827835083 -25.45554542541504
v -301.18804931640625 14.4802827835083 -25.45554542541504
v -47.80792236328125 14.4802827835083 -25.50488471984863
v -296.67431640625 14.4802827835083 -25.45642280578613
v 105.46340179443359 14.4802827835083 -25.53473091125488
v -47.80792236328125 13.4802827835083 -25.50488471984863
v 105.46340179443359 13.4802827835083 -25.53473091125488
# 19 vertices

vn 1 0 -0.00019471342966
vn 0.99999982118607 0 0.00058496627025
vn -0.99998694658279 0 0.00510383676738
vn -0.99999648332596 0 -0.00265523372218
vn -0.0001947198034 0 -1
vn -0.00019472176791 0 -1
vn -0.00019472371787 0 -1
vn 0.0001945028489 0 1
vn 0.0001946153352 -0.00000028568331 1
vn 0.00019465165678 -0.00000019045555 1
vn 0.00019438021991 0 1
vn 0.00019455543952 -0.00000079087408 1
vn 0.00019461171178 -0.00000052724943 1
vn 0.00019472604617 -0.00000028568331 1
vn 0.00019472745771 -0.00000079087408 1
# 15 normals

vt 0.00678089354187 0.37815570831299 0
vt 0.04915677383542 0.37815570831299 0
vt 0.04915677383542 0.37696814537048 0
vt 0.00678089354187 0.37696814537048 0
vt 0.04997265338898 0.37696814537048 0
vt 0.04997265338898 0.37815570831299 0
vt 0.10613166540861 0.37696814537048 0
vt 0.06353443861008 0.37696814537048 0
vt 0.06353443861008 0.37815570831299 0
vt 0.10613166540861 0.37815570831299 0
vt 0.63202857971191 0.00797271728516 0
vt 0.63202857971191 0.0079710483551 0
vt 0.63082557916641 0.0079710483551 0
vt 0.63082557916641 0.00797271728516 0
vt 0.78683507442474 0.68701988458633 0
vt 0.78742963075638 0.50715869665146 0
vt 0.78683507442474 0.50716030597687 0
vt 0.78703325986862 0.5671129822731 0
vt 0.78683507442474 0.9933061003685 0
vt 0.82921099662781 0.9933061003685 0
vt 0.83002686500549 0.80826997756958 0
vt 0.83002686500549 0.51272547245026 0
vt 0.83002686500549 0.50736510753632 0
vt 0.83002686500549 0.99028927087784 0
vt 0.83002686500549 0.99330550432205 0
vt 0.8867803812027 0.50716030597687 0
vt 0.88618588447571 0.50715869665146 0
vt 0.8867803812027 0.68701988458633 0
vt 0.88658219575882 0.5671129822731 0
vt 0.84440451860428 0.9933061003685 0
vt 0.8867803812027 0.9933061003685 0
vt 0.84358865022659 0.80826997756958 0
vt 0.84358865022659 0.50736510753632 0
vt 0.84358865022659 0.99028927087784 0
vt 0.84358865022659 0.99330550432205 0
vt 0.63202857971191 0.49411845207214 0
vt 0.63202857971191 0.18783223628998 0
vt 0.63082557916641 0.18783223628998 0
vt 0.63082557916641 0.49411845207214 0
vt 0.7274295091629 0.4937709569931 0
vt 0.7274295091629 0.49075472354889 0
vt 0.7262265086174 0.4937709569931 0
vt 0.72702848911285 0.49276554584503 0
vt 0.7262265086174 0.00783050060272 0
vt 0.7262265086174 0.01319086551666 0
vt 0.7274295091629 0.00783050060272 0
vt 0.7274295091629 0.30873537063599 0
vt 0.7262265086174 0.30873537063599 0
vt 0.5032759308815 0.36324620246887 0
vt 0.5032759308815 0.36626243591309 0
vt 0.5032759308815 0.18122684955597 0
vt 0.5032759308815 0.30357849597931 0
# 52 texture coordinates

o Fente_2
usemtl Paquet
f 1192/1114/291 1188/1113/291 1190/1112/291 1191/1111/291
f 1197/1116/292 1190/1112/292 1188/1113/292 1198/1115/292
f 1200/1120/293 1189/1119/293 1187/1118/293 1199/1117/293
f 1193/1124/294 1187/1123/294 1189/1122/294 1194/1121/294
f 1194/1127/97 1189/1126/97 1195/1125/97
f 1188/1130/97 1192/1129/97 1195/1125/97
f 1188/1130/97 1195/1125/97 1202/1132/97 1201/1131/97
f 1202/1132/97 1195/1125/97 1189/1126/97 1200/1133/97
f 1198/1135/97 1188/1130/97 1203/1134/97
f 1203/1134/97 1188/1130/97 1201/1131/97
f 1196/1138/95 1187/1137/95 1193/1136/220
f 1196/1138/95 1191/1141/95 1190/1140/95
f 1187/1137/95 1196/1138/95 1190/1140/95 1204/1142/95
f 1199/1143/95 1187/1137/95 1204/1142/95
f 1204/1142/95 1190/1140/95 1205/1144/95
f 1205/1144/95 1190/1140/95 1197/1145/95
f 1191/1149/295 1196/1148/296 1195/1147/296 1192/1146/295
f 1194/1121/297 1195/1147/296 1196/1148/296 1193/1124/297
f 1198/1152/300 1205/1151/299 1197/1150/298
f 1199/1156/303 1202/1155/302 1200/1154/301
f 1198/1152/300 1201/1158/305 1199/1156/303 1204/1157/304
f 1201/1161/97 1198/1160/97 1203/1159/97
f 1198/1152/300 1204/1157/304 1205/1151/299
f 1199/1156/303 1201/1158/305 1202/1155/302

v -301.35739135742188 13.4802827835083 -2.48332691192627
v 108.01559448242188 14.4802827835083 35.26785659790039
v -301.35739135742188 14.4802827835083 -2.48332691192627
v 108.01559448242188 13.4802827835083 35.26785659790039
v 108.00812530517578 13.4802827835083 -3.10136485099792
v 108.00812530517578 14.4802827835083 -3.10136485099792
v -301.35610961914062 13.4802827835083 -3.02165007591248
v -301.35610961914062 14.4802827835083 -3.02165007591248
v -149.9034423828125 14.4802827835083 -3.05114221572876
v -149.9034423828125 13.4802827835083 -3.05114221572876
v 108.01521301269531 13.4802827835083 36.00659561157227
v 108.01521301269531 14.4802827835083 36.00659561157227
v -301.17605590820312 13.4802827835083 36.08627700805664
v -301.17605590820312 14.4802827835083 36.08627700805664
v -47.79593658447266 14.4802827835083 36.03693771362305
v -296.66232299804688 14.4802827835083 36.08539962768555
v 105.47538757324219 14.4802827835083 36.0070915222168
v -47.79593658447266 13.4802827835083 36.03693771362305
v 105.47538757324219 13.4802827835083 36.0070915222168
# 19 vertices

vn 1 0 -0.00019466585945
vn 0.99999988079071 0 0.00051637954311
vn -0.99998897314072 0 0.004701460246
vn -0.99999713897705 0 -0.00238097622059
vn -0.0001947281271 0 -1
vn -0.00019472828717 0 -1
vn -0.00019472843269 0 -1
vn 0.00019525382959 0 1
vn 0.00019499081827 0.00000066800408 1
vn 0.0001949040161 0.00000044533607 1
vn 0.0001946137636 -0.00000052724943 1
vn 0.00019472910208 0.00000066800408 1
vn 0.00019473052816 -0.00000079087408 1
# 13 normals

vt 0.46226125955582 0.38083779811859 0
vt 0.50841933488846 0.38083779811859 0
vt 0.50841933488846 0.37965023517609 0
vt 0.46226125955582 0.37965023517609 0
vt 0.50930804014206 0.37965023517609 0
vt 0.50930804014206 0.38083779811859 0
vt 0.44869947433472 0.37965023517609 0
vt 0.40230026841164 0.37965023517609 0
vt 0.40230026841164 0.38083779811859 0
vt 0.44869947433472 0.38083779811859 0
vt 0.7126647233963 0.00762510299683 0
vt 0.7126647233963 0.00762343406677 0
vt 0.7114617228508 0.00762343406677 0
vt 0.7114617228508 0.00762510299683 0
vt 0.7262265086174 0.68701988458633 0
vt 0.72687411308289 0.50715869665146 0
vt 0.7262265086174 0.50716030597687 0
vt 0.72644239664078 0.5671129822731 0
vt 0.7262265086174 0.9933061003685 0
vt 0.77238458395004 0.9933061003685 0
vt 0.77327328920364 0.80826997756958 0
vt 0.77327328920364 0.51272547245026 0
vt 0.77327328920364 0.50736510753632 0
vt 0.77327328920364 0.99028927087784 0
vt 0.77327328920364 0.99330550432205 0
vt 0.7126647233963 0.50716030597687 0
vt 0.71201711893082 0.50715869665146 0
vt 0.7126647233963 0.68701988458633 0
vt 0.71244883537292 0.5671129822731 0
vt 0.66650664806366 0.9933061003685 0
vt 0.7126647233963 0.9933061003685 0
vt 0.66561794281006 0.80826997756958 0
vt 0.66561794281006 0.50736510753632 0
vt 0.66561794281006 0.99028927087784 0
vt 0.66561794281006 0.99330550432205 0
vt 0.7126647233963 0.4937709569931 0
vt 0.7126647233963 0.18748462200165 0
vt 0.7114617228508 0.18748462200165 0
vt 0.7114617228508 0.4937709569931 0
vt 0.7421942949295 0.4937709569931 0
vt 0.7421942949295 0.49075472354889 0
vt 0.740991294384 0.4937709569931 0
vt 0.74179327487946 0.49276554584503 0
vt 0.740991294384 0.00783050060272 0
vt 0.740991294384 0.01319086551666 0
vt 0.7421942949295 0.00783050060272 0
vt 0.7421942949295 0.30873537063599 0
vt 0.740991294384 0.30873537063599 0
vt 0.4897141456604 0.36324620246887 0
vt 0.4897141456604 0.36626243591309 0
vt 0.4897141456604 0.18122684955597 0
vt 0.4897141456604 0.30357849597931 0
# 52 texture coordinates

o Fente_1
usemtl Paquet
f 1211/1166/306 1207/1165/306 1209/1164/306 1210/1163/306
f 1216/1168/307 1209/1164/307 1207/1165/307 1217/1167/307
f 1219/1172/308 1208/1171/308 1206/1170/308 1218/1169/308
f 1212/1176/309 1206/1175/309 1208/1174/309 1213/1173/309
f 1213/1179/97 1208/1178/97 1214/1177/97
f 1207/1182/97 1211/1181/97 1214/1177/97
f 1207/1182/97 1214/1177/97 1221/1184/97 1220/1183/97
f 1221/1184/97 1214/1177/97 1208/1178/97 1219/1185/97
f 1217/1187/97 1207/1182/97 1222/1186/97
f 1222/1186/97 1207/1182/97 1220/1183/97
f 1215/1190/95 1206/1189/95 1212/1188/220
f 1215/1190/95 1210/1193/95 1209/1192/95
f 1206/1189/95 1215/1190/95 1209/1192/95 1223/1194/95
f 1218/1195/95 1206/1189/95 1223/1194/95
f 1223/1194/95 1209/1192/95 1224/1196/95
f 1224/1196/95 1209/1192/95 1216/1197/95
f 1210/1201/310 1215/1200/311 1214/1199/311 1211/1198/310
f 1213/1173/312 1214/1199/311 1215/1200/311 1212/1176/312
f 1217/1204/315 1224/1203/314 1216/1202/313
f 1218/1208/316 1221/1207/302 1219/1206/301
f 1217/1204/315 1220/1210/318 1218/1208/316 1223/1209/317
f 1220/1213/95 1217/1212/95 1222/1211/95
f 1217/1204/315 1223/1209/317 1224/1203/314
f 1218/1208/316 1220/1210/318 1221/1207/302

v -301.35006713867188 14.28449726104736 35.13286209106445
v 108.0157470703125 0.57807868719101 36.05314636230469
v -301.34988403320312 14.28449726104736 36.13286209106445
v 108.01555633544922 0.57807868719101 35.05314636230469
v 108.01555633544922 14.47953605651855 35.05314636230469
v 108.0157470703125 14.47953605651855 36.05314636230469
v -301.34869384765625 14.47953605651855 35.13286209106445
v -301.34848022460938 14.47953605651855 36.13286209106445
v -149.89582824707031 14.47953605651855 36.10337066650391
v -149.89601135253906 14.47953605651855 35.10337066650391
v 108.01502227783203 0.31042808294296 35.05314636230469
v 108.01522064208984 0.31042808294296 36.05314636230469
v -301.17623901367188 0.31042808294296 35.13282775878906
v -301.17605590820312 0.31042808294296 36.13282775878906
v -47.79592895507812 0.31042808294296 36.08348846435547
v -296.66232299804688 0.31042808294296 36.13195037841797
v 105.47539520263672 0.31042808294296 36.05364227294922
v -47.79612350463867 0.31042808294296 35.08348846435547
v 105.47520446777344 0.31042808294296 35.05364227294922
# 19 vertices

vn 1 0 -0.00019073486328
vn 0.99999803304672 -0.00198109727353 -0.0001945491822
vn -0.99992263317108 -0.01243837177753 0.00018309056759
vn -0.99997466802597 0.00711917132139 0.00019835925195
vn 0.00019468566461 0.00000010101621 1
vn 0.00019463742501 0.00000020075368 1
vn 0.00019472373242 -0.00000138825953 1
vn 0.0001947346027 0 1
vn 0.00019486235396 0.0000010582952 1
vn 0.00019473049906 0.00000230856494 1
vn 0.00019464213983 0.00000089616219 1
vn 0.00019455110305 0.00000178976688 1
vn 0.00019499081827 0.00000211531164 1
vn 0.00019525382959 -0.0000003839491 1
vn -0.00019472368876 0.00000137107236 -1
vn -0.00019472566782 0.00000047811079 -1
vn -0.00019472904387 0.00000046661884 -1
vn -0.00019486142264 -0.00000104754827 -1
vn -0.0001947346027 0 -1
vn -0.00019472702115 -0.00000151510631 -1
vn -0.00019472441636 0.00000003447582 -1
vn -0.00019499112386 -0.00000210948861 -1
vn -0.00019525442622 0.00000038960161 -1
# 23 normals

vt 0.28608053922653 0.37208211421967 0
vt 0.30199128389359 0.37208211421967 0
vt 0.30199128389359 0.37089455127716 0
vt 0.28608053922653 0.37089455127716 0
vt 0.30229762196541 0.37089455127716 0
vt 0.30229762196541 0.37208211421967 0
vt 0.33185324072838 0.37089455127716 0
vt 0.31585940718651 0.37089455127716 0
vt 0.31585940718651 0.37208211421967 0
vt 0.33185324072838 0.37208211421967 0
vt 0.61726379394531 0.00797271728516 0
vt 0.61726379394531 0.0079710483551 0
vt 0.61606079339981 0.0079710483551 0
vt 0.61606079339981 0.00797271728516 0
vt 0.96223723888397 0.68701988458633 0
vt 0.96246045827866 0.50715869665146 0
vt 0.96223723888397 0.50716030597687 0
vt 0.9623116850853 0.5671129822731 0
vt 0.96223723888397 0.9933061003685 0
vt 0.97814798355103 0.9933061003685 0
vt 0.97845435142517 0.80826997756958 0
vt 0.97845435142517 0.51272547245026 0
vt 0.97845435142517 0.50736510753632 0
vt 0.97845435142517 0.99028927087784 0
vt 0.97845435142517 0.99330550432205 0
vt 0.54373306035995 0.00797271728516 0
vt 0.54350984096527 0.0079710483551 0
vt 0.54373306035995 0.18783223628998 0
vt 0.54365861415863 0.06792533397675 0
vt 0.5278223156929 0.49411845207214 0
vt 0.54373306035995 0.49411845207214 0
vt 0.52751594781876 0.30908226966858 0
vt 0.52751594781876 0.00817739963531 0
vt 0.52751594781876 0.49110162258148 0
vt 0.52751594781876 0.4941178560257 0
vt 0.61726379394531 0.49411845207214 0
vt 0.61726379394531 0.18783223628998 0
vt 0.61606079339981 0.18783223628998 0
vt 0.61606079339981 0.49411845207214 0
vt 0.77172386646271 0.4937709569931 0
vt 0.77172386646271 0.49075472354889 0
vt 0.77052086591721 0.4937709569931 0
vt 0.77132284641266 0.49276554584503 0
vt 0.77052086591721 0.00783050060272 0
vt 0.77052086591721 0.01319086551666 0
vt 0.77172386646271 0.00783050060272 0
vt 0.77172386646271 0.30873537063599 0
vt 0.77052086591721 0.30873537063599 0
vt 0.00678089354187 0.36056411266327 0
vt 0.00678089354187 0.36358034610748 0
vt 0.00678089354187 0.17854475975037 0
vt 0.00678089354187 0.30089640617371 0
# 52 texture coordinates

o Tranche_2
usemtl Paquet
f 1230/1218/319 1226/1217/319 1228/1216/319 1229/1215/319
f 1235/1220/320 1228/1216/320 1226/1217/320 1236/1219/320
f 1238/1224/321 1227/1223/321 1225/1222/321 1237/1221/321
f 1231/1228/322 1225/1227/322 1227/1226/322 1232/1225/322
f 1232/1231/325 1227/1230/324 1233/1229/323
f 1226/1234/327 1230/1233/326 1233/1229/323
f 1226/1234/327 1233/1229/323 1240/1236/329 1239/1235/328
f 1240/1236/329 1233/1229/323 1227/1230/324 1238/1237/330
f 1236/1239/332 1226/1234/327 1241/1238/331
f 1241/1238/331 1226/1234/327 1239/1235/328
f 1234/1242/335 1225/1241/334 1231/1240/333
f 1234/1242/335 1229/1245/337 1228/1244/336
f 1225/1241/334 1234/1242/335 1228/1244/336 1242/1246/338
f 1237/1247/339 1225/1241/334 1242/1246/338
f 1242/1246/338 1228/1244/336 1243/1248/340
f 1243/1248/340 1228/1244/336 1235/1249/341
f 1229/1253/97 1234/1252/97 1233/1251/97 1230/1250/97
f 1232/1225/97 1233/1251/97 1234/1252/97 1231/1228/97
f 1236/1256/95 1243/1255/95 1235/1254/95
f 1237/1260/95 1240/1259/95 1238/1258/95
f 1236/1256/95 1239/1262/95 1237/1260/95 1242/1261/95
f 1239/1265/95 1236/1264/95 1241/1263/95
f 1236/1256/95 1242/1261/95 1243/1255/95
f 1237/1260/95 1239/1262/95 1240/1259/95

v 108.53604125976562 0.08028274029493 -65.160888671875
v 108.53604125976562 1.08028268814087 -65.160888671875
v 108.02304840087891 1.08028268814087 36.05261611938477
v 108.02304840087891 0.08028274029493 36.05261611938477
v -300.09957885742188 1.08028268814087 36.1320915222168
v -300.09957885742188 0.08028274029493 36.1320915222168
v 108.53598785400391 1.08028268814087 -65.43462371826172
v 108.53598785400391 0.08028274029493 -65.43462371826172
v -300.82778930664062 0.08028274029493 -65.35490417480469
v -300.82778930664062 1.08028268814087 -65.35490417480469
v -99.86863708496094 0.08028274029493 -65.39404296875
v -99.86863708496094 1.08028268814087 -65.39404296875
v 108.53598785400391 0.08028274029493 -65.43462371826172
# 13 vertices

vn 0.99998718500137 0 0.0050683580339
vn 1 0 -0.00019510020502
vn -0.99997425079346 0 0.0071752211079
vn 0.00019473412249 0 1
vn -0.000194720953 0 -1
vn -0.00019472460554 0 -1
vn -0.00019475993759 0 -1
vn -0.00019474409055 0 -1
# 8 normals

vt 0.6966969370842 0.49313604831696 0
vt 0.6966969370842 0.4937686920166 0
vt 0.6978999376297 0.4937686920166 0
vt 0.6978999376297 0.49313604831696 0
vt 0.46259054541588 0.36507487297058 0
vt 0.46226125955582 0.36507487297058 0
vt 0.46226125955582 0.36626243591309 0
vt 0.46259054541588 0.36626243591309 0
vt 0.6966969370842 0.00762343406677 0
vt 0.6966969370842 0.00846481323242 0
vt 0.6978999376297 0.00846481323242 0
vt 0.6978999376297 0.00762343406677 0
vt 0.00678089354187 0.9926735162735 0
vt 0.12854039669037 0.9933061003685 0
vt 0.12886969745159 0.74581253528595 0
vt 0.00678089354187 0.50800222158432 0
vt 0.12886969745159 0.50716084241867 0
vt 0.06774297356606 0.80994856357574 0
vt 0.12886969745159 0.9933061003685 0
vt 0.14243149757385 0.74581253528595 0
vt 0.14276079833508 0.9933061003685 0
vt 0.26452028751373 0.9926735162735 0
vt 0.1832375228405 0.91059738397598 0
vt 0.26452028751373 0.50800222158432 0
vt 0.14243149757385 0.50716084241867 0
vt 0.14243149757385 0.9933061003685 0
vt 0.6831351518631 0.4937686920166 0
vt 0.6831351518631 0.24627506732941 0
vt 0.6819321513176 0.4937686920166 0
vt 0.68233317136765 0.08717405796051 0
vt 0.6819321513176 0.00762343406677 0
vt 0.6819321513176 0.24627506732941 0
vt 0.6831351518631 0.00762343406677 0
# 33 texture coordinates

o Face_arrière
usemtl Paquet
f 1247/1270/342 1244/1269/342 1245/1268/342 1246/1267/342
f 1250/1274/343 1245/1273/343 1244/1272/343 1251/1271/343
f 1252/1278/344 1249/1277/344 1248/1276/344 1253/1275/344
f 1249/1282/95 1254/1281/95 1244/1280/95 1247/1279/95
f 1254/1281/95 1249/1282/95 1252/1283/95
f 1251/1285/95 1244/1280/95 1254/1281/95
f 1246/1288/97 1245/1287/97 1255/1286/97
f 1255/1286/97 1253/1291/97 1248/1290/97 1246/1288/97
f 1255/1286/97 1245/1287/97 1250/1292/97
f 1246/1267/345 1248/1276/345 1249/1277/345 1247/1270/345
f 1256/1295/347 1255/1294/347 1250/1293/346
f 1253/1299/349 1254/1298/349 1252/1297/348
f 1254/1298/349 1253/1299/349 1255/1294/347 1256/1295/347

v -300.82943725585938 0.38433599472046 -64.36724090576172
v 108.53598022460938 14.75206279754639 -65.44695281982422
v -300.82965087890625 0.38433599472046 -65.36724090576172
v 108.53617858886719 14.75206279754639 -64.44695281982422
v 108.53617858886719 0.17988733947277 -64.44695281982422
v 108.53598022460938 0.17988733947277 -65.44695281982422
v -300.82806396484375 0.17988733947277 -64.36724090576172
v -300.8282470703125 0.17988733947277 -65.36724090576172
v -149.37557983398438 0.17988733947277 -65.39673614501953
v -149.37539672851562 0.17988733947277 -64.39673614501953
v 108.53564453125 15.03262710571289 -64.44695281982422
v 108.53545379638672 15.03262710571289 -65.44695281982422
v -300.6556396484375 15.03262710571289 -64.36727142333984
v -300.65582275390625 15.03262710571289 -65.36727142333984
v -47.27569198608398 15.03262710571289 -65.41661834716797
v -296.14208984375 15.03262710571289 -65.36815643310547
v 105.99562835693359 15.03262710571289 -65.44646453857422
v -47.27549743652344 15.03262710571289 -64.41661834716797
v 105.99582672119141 15.03262710571289 -64.44646453857422
# 19 vertices

vn 1 0 -0.00019836425781
vn 0.99999821186066 0.00188991252799 -0.0001945492404
vn -0.99992960691452 0.01186490897089 0.00019835137937
vn -0.99997693300247 -0.00679152319208 0.00019835970306
vn -0.00019489288388 -0.00000200431737 -1
vn -0.0001950787555 -0.00000392659877 -1
vn -0.00019474889268 -0.00000133976357 -1
vn -0.00019470501866 0 -1
vn -0.00019409795641 -0.00000583074006 -1
vn -0.00019471842097 -0.00001148111915 -1
vn -0.00019505880482 -0.00000333875278 -1
vn -0.00019540861831 -0.00000651343362 -1
vn -0.000193488886 -0.00001157944371 -1
vn -0.00019224992138 -0.00000036072223 -1
vn 0.00019474889268 0.00000130813714 1
vn 0.00019474019064 0.00000039612468 1
vn 0.00019472370332 0.0000004719235 1
vn 0.0001941001392 0.00000581754693 1
vn 0.00019470501866 0 1
vn 0.00019473317661 0.00000755894644 1
vn 0.00019475449517 -0.00000022739653 1
vn 0.00019348916248 0.00001158127725 1
vn 0.00019225050346 0.00000036595119 1
# 23 normals

vt 0.14047087728977 0.37815570831299 0
vt 0.15752820670605 0.37815570831299 0
vt 0.15752820670605 0.37696814537048 0
vt 0.14047087728977 0.37696814537048 0
vt 0.15785662829876 0.37696814537048 0
vt 0.15785662829876 0.37815570831299 0
vt 0.24762398004532 0.37696814537048 0
vt 0.23047755658627 0.37696814537048 0
vt 0.23047755658627 0.37815570831299 0
vt 0.24762398004532 0.37815570831299 0
vt 0.64679336547852 0.00797271728516 0
vt 0.64679336547852 0.0079710483551 0
vt 0.64559036493301 0.0079710483551 0
vt 0.64559036493301 0.00797271728516 0
vt 0.93128973245621 0.68701988458633 0
vt 0.93152904510498 0.50715869665146 0
vt 0.93128973245621 0.50716030597687 0
vt 0.93136948347092 0.5671129822731 0
vt 0.93128973245621 0.9933061003685 0
vt 0.94834703207016 0.9933061003685 0
vt 0.94867545366287 0.80826997756958 0
vt 0.94867545366287 0.51272547245026 0
vt 0.94867545366287 0.50736510753632 0
vt 0.94867545366287 0.99028927087784 0
vt 0.94867545366287 0.99330550432205 0
vt 0.91772794723511 0.50716030597687 0
vt 0.91748863458633 0.50715869665146 0
vt 0.91772794723511 0.68701988458633 0
vt 0.91764813661575 0.5671129822731 0
vt 0.90067058801651 0.9933061003685 0
vt 0.91772794723511 0.9933061003685 0
vt 0.9003421664238 0.80826997756958 0
vt 0.9003421664238 0.50736510753632 0
vt 0.9003421664238 0.99028927087784 0
vt 0.9003421664238 0.99330550432205 0
vt 0.64679336547852 0.49411845207214 0
vt 0.64679336547852 0.18783223628998 0
vt 0.64559036493301 0.18783223628998 0
vt 0.64559036493301 0.49411845207214 0
vt 0.75695908069611 0.4937709569931 0
vt 0.75695908069611 0.49075472354889 0
vt 0.7557560801506 0.4937709569931 0
vt 0.75655806064606 0.49276554584503 0
vt 0.7557560801506 0.00783050060272 0
vt 0.7557560801506 0.01319086551666 0
vt 0.75695908069611 0.00783050060272 0
vt 0.75695908069611 0.30873537063599 0
vt 0.7557560801506 0.30873537063599 0
vt 0.03390446677804 0.36056411266327 0
vt 0.03390446677804 0.36358034610748 0
vt 0.03390446677804 0.17854475975037 0
vt 0.03390446677804 0.30089640617371 0
# 52 texture coordinates

o Tranche_1
usemtl Paquet
f 1262/1303/350 1258/1302/350 1260/1301/350 1261/1300/350
f 1267/1305/351 1260/1301/351 1258/1302/351 1268/1304/351
f 1270/1309/352 1259/1308/352 1257/1307/352 1269/1306/352
f 1263/1313/353 1257/1312/353 1259/1311/353 1264/1310/353
f 1264/1316/356 1259/1315/355 1265/1314/354
f 1258/1319/358 1262/1318/357 1265/1314/354
f 1258/1319/358 1265/1314/354 1272/1321/360 1271/1320/359
f 1272/1321/360 1265/1314/354 1259/1315/355 1270/1322/361
f 1268/1324/363 1258/1319/358 1273/1323/362
f 1273/1323/362 1258/1319/358 1271/1320/359
f 1266/1327/366 1257/1326/365 1263/1325/364
f 1266/1327/366 1261/1330/368 1260/1329/367
f 1257/1326/365 1266/1327/366 1260/1329/367 1274/1331/369
f 1269/1332/370 1257/1326/365 1274/1331/369
f 1274/1331/369 1260/1329/367 1275/1333/371
f 1275/1333/371 1260/1329/367 1267/1334/372
f 1261/1338/95 1266/1337/95 1265/1336/95 1262/1335/95
f 1264/1310/95 1265/1336/95 1266/1337/95 1263/1313/95
f 1268/1341/97 1275/1340/97 1267/1339/97
f 1269/1345/97 1272/1344/97 1270/1343/97
f 1268/1341/97 1271/1347/97 1269/1345/97 1274/1346/97
f 1271/1350/97 1268/1349/97 1273/1348/97
f 1268/1341/97 1274/1346/97 1275/1340/97
f 1269/1345/97 1271/1347/97 1272/1344/97

v -300.26406860351562 101.74422454833984 -35.47212982177734
v -300.89382934570312 99.71739959716797 -36.16989898681641
v -301.00323486328125 98.9527587890625 -36.43316268920898
v -300.91647338867188 56.33179092407227 -51.10875701904297
v -300.650390625 15.40549087524414 -65.20086669921875
v 108.36278533935547 101.84706878662109 -34.45866775512695
v -300.52114868164062 100.79637145996094 -34.74082946777344
v -300.74746704101562 100.05885314941406 -34.99473571777344
v -300.89364624023438 99.39183044433594 -35.22438049316406
v -301.0030517578125 98.62718963623047 -35.48764419555664
v -300.65020751953125 15.07992267608643 -64.25534820556641
v 108.36260223388672 102.17263793945312 -35.4041862487793
v -299.9276123046875 102.34210205078125 -35.26633071899414
v -300.0338134765625 102.17805480957031 -35.32279205322266
v -300.52133178710938 101.12194061279297 -35.68634796142578
v -300.74765014648438 100.38442230224609 -35.94025421142578
v -299.92742919921875 102.01653289794922 -34.32080841064453
v -300.03363037109375 101.85249328613281 -34.37727355957031
v -300.26388549804688 101.41865539550781 -34.526611328125
v -300.91629028320312 56.00622177124023 -50.16323852539062
v 108.53565979003906 14.65206813812256 -64.48234558105469
v 108.53547668457031 14.97763633728027 -65.42786407470703
v -300.65573120117188 14.65206813812256 -64.40266418457031
v -300.65591430664062 14.97763633728027 -65.34818267822266
v -42.38181304931641 14.97763633728027 -65.39847564697266
v 106.07542419433594 14.97763633728027 -65.42739105224609
v -42.38162612915039 14.65206813812256 -64.45295715332031
v 106.07560729980469 14.65206813812256 -64.48187255859375
v -300.65573120117188 14.65206813812256 -64.40266418457031
v -300.65591430664062 14.97763633728027 -65.34818267822266
# 30 vertices

vn 0.99999821186066 0.00183208123781 0.00043718604138
vn 0.00050237169489 0.94551837444305 0.325568318367
vn -0.85288727283478 0.49360033869743 0.17012359201908
vn -0.87410122156143 0.45922809839249 0.15829266607761
vn -0.9135445356369 0.38452470302582 0.13257893919945
vn -0.94684344530106 0.30411174893379 0.10489775985479
vn -0.97053378820419 0.22777904570103 0.0786188095808
vn -0.98568660020828 0.1593441516161 0.05505765974522
vn -0.99780476093292 0.06255687773228 0.02173336409032
vn -0.99999183416367 -0.00387569773011 -0.00114086142275
vn -0.99998110532761 -0.00587188312784 -0.00182821007911
vn -0.99992549419403 0.0114813586697 0.00414699176326
vn -0.00018412501959 0.325564712286 -0.94551974534988
vn -0.00018410698976 0.32556319236755 -0.94552028179169
vn -0.00018411876226 0.32555812597275 -0.94552201032639
vn -0.00018336296489 0.3255680501461 -0.94551861286163
vn -0.00018180567713 0.32556810975075 -0.94551855325699
vn -0.00018296389317 0.32556813955307 -0.94551855325699
vn -0.00023569105542 0.32559317350388 -0.9455099105835
vn -0.0001848044194 0.32556810975075 -0.94551855325699
vn -0.00043451297097 0.32569250464439 -0.94547563791275
vn -0.00031586788828 0.32563230395317 -0.94549643993378
vn -0.00019722282013 0.32557210326195 -0.94551718235016
vn -0.00018649054982 0.32556852698326 -0.9455184340477
vn -0.00017575830861 0.3255649805069 -0.94551962614059
vn -0.00018129874661 0.32556658983231 -0.94551908969879
vn 0.00018411876226 -0.32555815577507 0.94552201032639
vn 0.00018410904158 -0.32556319236755 0.94552028179169
vn 0.00018412640202 -0.32556474208832 0.94551974534988
vn 0.00018375061336 -0.32556810975075 0.94551855325699
vn 0.0001833850838 -0.3255680501461 0.94551861286163
vn 0.00017542179557 -0.32556593418121 0.94551932811737
vn 0.00015414858353 -0.32555514574051 0.94552302360535
vn 0.00018299707153 -0.32556810975075 0.94551855325699
vn 0.00018186990928 -0.32556810975075 0.94551855325699
vn 0.00016822588805 -0.32556369900703 0.94552010297775
vn 0.00016848667292 -0.32556301355362 0.94552034139633
vn 0.00016874745779 -0.3255623281002 0.94552057981491
vn 0.0001178875973 -0.32553789019585 0.94552898406982
vn 0.00006702774408 -0.32551345229149 0.94553738832474
vn -0.00006259819202 -0.94551855325699 -0.32556819915771
vn -0.0000629977585 -0.94551855325699 -0.32556816935539
vn -0.00006313323684 -0.94551867246628 -0.32556793093681
vn -0.00006339694664 -0.94551855325699 -0.32556819915771
vn -0.00006340057007 -0.94551867246628 -0.32556781172752
vn -0.00006340075925 -0.94551873207092 -0.3255677819252
# 46 normals

vt 0.80049729347229 0.4937709569931 0
vt 0.80049729347229 0.49355864524841 0
vt 0.79929429292679 0.49355864524841 0
vt 0.79929429292679 0.4937709569931 0
vt 0.80049729347229 0.00868833065033 0
vt 0.79929429292679 0.00868833065033 0
vt 0.37882289290428 0.42385458946228 0
vt 0.37882289290428 0.42266702651978 0
vt 0.37861415743828 0.42266702651978 0
vt 0.37861415743828 0.42385458946228 0
vt 0.37806218862534 0.42266702651978 0
vt 0.37806218862534 0.42385458946228 0
vt 0.37727046012878 0.42266702651978 0
vt 0.37727046012878 0.42385458946228 0
vt 0.37633210420609 0.42266702651978 0
vt 0.37633210420609 0.42385458946228 0
vt 0.37548342347145 0.42266702651978 0
vt 0.37548342347145 0.42385458946228 0
vt 0.37451055645943 0.42266702651978 0
vt 0.37451055645943 0.42385458946228 0
vt 0.32028326392174 0.42266702651978 0
vt 0.32028326392174 0.42385458946228 0
vt 0.26821208000183 0.42266702651978 0
vt 0.26821208000183 0.42385458946228 0
vt 0.26766774058342 0.42385458946228 0
vt 0.26766774058342 0.42266702651978 0
vt 0.27808210253716 0.81408232450485 0
vt 0.27862644195557 0.5073721408844 0
vt 0.27808210253716 0.50736558437347 0
vt 0.27826353907585 0.60960668325424 0
vt 0.27808210253716 0.99038463830948 0
vt 0.27808210253716 0.9933061003685 0
vt 0.38902163505554 0.99309384822845 0
vt 0.38923725485802 0.50822353363037 0
vt 0.33069762587547 0.50705283880234 0
vt 0.38902851939201 0.50809741020203 0
vt 0.38847655057907 0.50782400369644 0
vt 0.38768482208252 0.50751858949661 0
vt 0.38674646615982 0.50724983215332 0
vt 0.38589778542519 0.50707632303238 0
vt 0.38492494821548 0.50694644451141 0
vt 0.51395416259766 0.50736558437347 0
vt 0.51340985298157 0.5073721408844 0
vt 0.51395416259766 0.81408232450485 0
vt 0.51377272605896 0.60960668325424 0
vt 0.46133866906166 0.50705283880234 0
vt 0.51395416259766 0.99038463830948 0
vt 0.40711134672165 0.50694644451141 0
vt 0.40279904007912 0.50822353363037 0
vt 0.40301465988159 0.99309384822845 0
vt 0.51395416259766 0.9933061003685 0
vt 0.40613847970963 0.50707632303238 0
vt 0.40528982877731 0.50724983215332 0
vt 0.40435147285461 0.50751858949661 0
vt 0.40355971455574 0.50782400369644 0
vt 0.4030077457428 0.50809741020203 0
vt 0.6683703660965 0.4937686920166 0
vt 0.6683703660965 0.49084722995758 0
vt 0.66716736555099 0.49084722995758 0
vt 0.66716736555099 0.4937686920166 0
vt 0.66716736555099 0.00782811641693 0
vt 0.66716736555099 0.31454491615295 0
vt 0.6683703660965 0.00782811641693 0
vt 0.66776889562607 0.49230802059174 0
vt 0.6683703660965 0.31454491615295 0
# 65 texture coordinates

o Face_avant
usemtl Paquet
f 1297/1355/373 1287/1354/373 1281/1353/373 1296/1352/373
f 1288/1357/374 1292/1356/374 1281/1353/374 1287/1354/374
f 1289/1361/376 1293/1360/376 1292/1359/375 1288/1358/375
f 1276/1363/377 1294/1362/377 1293/1360/376 1289/1361/376
f 1290/1365/378 1282/1364/378 1294/1362/377 1276/1363/377
f 1291/1367/379 1283/1366/379 1282/1364/378 1290/1365/378
f 1277/1369/380 1284/1368/380 1283/1366/379 1291/1367/379
f 1278/1371/381 1285/1370/381 1284/1368/380 1277/1369/380
f 1279/1373/382 1295/1372/382 1285/1370/381 1278/1371/381
f 1280/1375/383 1286/1374/383 1295/1372/382 1279/1373/382
f 1298/1377/384 1286/1374/384 1280/1375/384 1299/1376/384
f 1299/1380/387 1280/1379/386 1300/1378/385
f 1287/1384/390 1297/1383/389 1301/1382/388
f 1301/1382/388 1279/1386/392 1288/1385/391 1287/1384/390
f 1300/1378/385 1280/1379/386 1279/1386/392
f 1300/1378/385 1279/1386/392 1301/1382/388
f 1276/1388/394 1289/1387/393 1288/1385/391
f 1291/1390/396 1290/1389/395 1276/1388/394 1288/1385/391
f 1278/1392/398 1277/1391/397 1291/1390/396 1288/1385/391
f 1279/1386/392 1278/1392/398 1288/1385/391
f 1302/1395/401 1286/1394/400 1298/1393/399
f 1295/1397/402 1286/1394/400 1302/1395/401
f 1303/1398/403 1295/1397/402 1302/1395/401
f 1292/1400/405 1285/1399/404 1295/1397/402
f 1303/1398/403 1296/1402/407 1281/1401/406
f 1303/1398/403 1281/1401/406 1292/1400/405 1295/1397/402
f 1283/1404/409 1284/1403/408 1285/1399/404 1292/1400/405
f 1294/1406/411 1282/1405/410 1283/1404/409 1292/1400/405
f 1292/1400/405 1293/1407/412 1294/1406/411
f 1296/1411/413 1303/1410/415 1301/1409/414 1297/1408/413
f 1305/1414/417 1302/1413/417 1304/1412/416
f 1300/1416/418 1303/1410/415 1302/1413/417 1305/1414/417
f 1303/1410/415 1300/1416/418 1301/1409/414

